NAME,TEAM,POS,SALARY,YEARS,TOTAL VALUE,AVG ANNUAL
Max Scherzer,WSH,SP,"$42,142,857.00",7 (2015-21),"$210,000,000.00","$30,000,000.00"
Stephen Strasburg,WSH,SP,"$36,428,571.00",7 (2017-23),"$175,000,000.00","$25,000,000.00"
Mike Trout,LAA,CF,"$34,083,333.00",6 (2015-20),"$144,500,000.00","$24,083,333.00"
Zack Greinke,ARI,SP,"$32,421,884.00",6 (2016-21),"$206,500,000.00","$34,416,667.00"
David Price,BOS,SP,"$31,000,000.00",7 (2016-22),"$217,000,000.00","$31,000,000.00"
Clayton Kershaw,LAD,SP,"$31,000,000.00",3 (2019-21),"$93,000,000.00","$31,000,000.00"
Miguel Cabrera,DET,DH,"$30,000,000.00",10 (2014-23),"$292,000,000.00","$29,200,000.00"
Yoenis Cespedes,NYM,OF,"$29,000,000.00",4 (2017-20),"$110,000,000.00","$27,500,000.00"
Justin Verlander,HOU,SP,"$28,000,000.00",7 (2013-19),"$180,000,000.00","$25,714,286.00"
Albert Pujols,LAA,DH,"$28,000,000.00",10 (2012-21),"$240,000,000.00","$24,000,000.00"
Felix Hernandez,SEA,SP,"$27,857,143.00",7 (2013-19),"$175,000,000.00","$25,000,000.00"
Jon Lester,CHC,SP,"$27,500,000.00",6 (2015-20),"$155,000,000.00","$25,833,333.00"
Nolan Arenado,COL,3B,"$26,000,000.00",1 (2019),"$26,000,000.00","$26,000,000.00"
Giancarlo Stanton,NYY,RF,"$26,000,000.00",13 (2015-27),"$325,000,000.00","$25,000,000.00"
Jake Arrieta,PHI,SP,"$25,000,000.00",3 (2018-20),"$75,000,000.00","$25,000,000.00"
Joey Votto,CIN,1B,"$25,000,000.00",10 (2014-23),"$225,000,000.00","$22,500,000.00"
Jordan Zimmermann,DET,SP,"$25,000,000.00",5 (2016-20),"$110,000,000.00","$22,000,000.00"
Robinson Cano,NYM,2B,"$24,000,000.00",10 (2014-23),"$240,000,000.00","$24,000,000.00"
J.D. Martinez,BOS,OF,"$23,750,000.00",5 (2018-22),"$110,000,000.00","$22,000,000.00"
Edwin Encarnacion,SEA,1B,"$23,333,333.00",3 (2017-19),"$60,000,000.00","$20,000,000.00"
Josh Donaldson,ATL,3B,"$23,000,000.00",1 (2019),"$23,000,000.00","$23,000,000.00"
Johnny Cueto,SF,SP,"$22,666,666.00",6 (2016-21),"$130,000,000.00","$21,666,667.00"
Buster Posey,SF,C,"$22,511,111.00",9 (2013-21),"$167,000,000.00","$18,555,556.00"
Masahiro Tanaka,NYY,SP,"$22,000,000.00",7 (2014-20),"$155,000,000.00","$22,142,857.00"
Jacoby Ellsbury,NYY,OF,"$21,857,142.00",7 (2014-20),"$153,000,000.00","$21,857,143.00"
Eric Hosmer,SD,1B,"$21,625,000.00",8 (2018-25),"$144,000,000.00","$18,000,000.00"
Charlie Blackmon,COL,CF,"$21,516,666.00",6 (2018-23),"$108,000,000.00","$18,000,000.00"
Matt Kemp,CIN,OF,"$21,500,000.00",8 (2012-19),"$160,000,000.00","$20,000,000.00"
Freddie Freeman,ATL,1B,"$21,359,375.00",8 (2014-21),"$135,000,000.00","$16,875,000.00"
Rick Porcello,BOS,SP,"$21,125,000.00",4 (2016-19),"$82,500,000.00","$20,625,000.00"
Chris Davis,BAL,1B,"$21,116,517.00",7 (2016-22),"$161,000,000.00","$23,000,000.00"
Alex Gordon,KC,LF,"$21,000,000.00",4 (2016-19),"$72,000,000.00","$18,000,000.00"
Shin-Soo Choo,TEX,DH,"$21,000,000.00",7 (2014-20),"$130,000,000.00","$18,571,429.00"
Carlos Santana,CLE,1B,"$20,500,000.00",3 (2018-20),"$60,000,000.00","$20,000,000.00"
Yu Darvish,CHC,SP,"$20,000,000.00",6 (2018-23),"$126,000,000.00","$21,000,000.00"
Cole Hamels,CHC,SP,"$20,000,000.00",1 (2019),"$20,000,000.00","$20,000,000.00"
Mookie Betts,BOS,RF,"$20,000,000.00",1 (2019),"$20,000,000.00","$20,000,000.00"
Russell Martin,LAD,C,"$20,000,000.00",1 (2019),"$20,000,000.00","$20,000,000.00"
Yadier Molina,STL,C,"$20,000,000.00",3 (2018-20),"$60,000,000.00","$20,000,000.00"
Jason Heyward,CHC,RF,"$20,000,000.00",8 (2016-23),"$184,000,000.00","$23,000,000.00"
Jeff Samardzija,SF,SP,"$19,800,000.00",5 (2016-20),"$90,000,000.00","$18,000,000.00"
Wei-Yin Chen,MIA,RP,"$19,773,520.00",5 (2016-20),"$80,000,000.00","$16,000,000.00"
Justin Upton,LAA,LF,"$19,700,000.00",5 (2018-22),"$106,000,000.00","$21,200,000.00"
Kyle Seager,SEA,3B,"$19,500,000.00",7 (2015-21),"$100,000,000.00","$14,285,714.00"
Justin Turner,LAD,3B,"$19,000,000.00",4 (2017-20),"$64,000,000.00","$16,000,000.00"
Mark Melancon,SF,RP,"$19,000,000.00",4 (2017-20),"$62,000,000.00","$15,500,000.00"
Kenley Jansen,LAD,RP,"$18,800,000.00",5 (2017-21),"$80,000,000.00","$16,000,000.00"
Anthony Rendon,WSH,3B,"$18,800,000.00",1 (2019),"$18,800,000.00","$18,800,000.00"
Rich Hill,LAD,SP,"$18,666,667.00",3 (2017-19),"$48,000,000.00","$16,000,000.00"
Pablo Sandoval,SF,3B,"$18,600,000.00",5 (2015-19),"$95,000,000.00","$19,000,000.00"
Ryan Zimmerman,WSH,1B,"$18,333,333.00",6 (2014-19),"$100,000,000.00","$16,666,667.00"
Wade Davis,COL,RP,"$18,333,333.00",3 (2018-20),"$52,000,000.00","$17,333,333.00"
Yasmani Grandal,MIL,C,"$18,250,000.00",1 (2019),"$18,250,000.00","$18,250,000.00"
Ryan Braun,MIL,LF,"$18,158,038.00",13 (2008-20),"$150,000,000.00","$11,538,462.00"
Hyun-Jin Ryu,LAD,SP,"$17,900,000.00",1 (2019),"$17,900,000.00","$17,900,000.00"
Brandon Belt,SF,1B,"$17,200,000.00",5 (2017-21),"$72,800,000.00","$14,560,000.00"
Aroldis Chapman,NYY,RP,"$17,200,000.00",5 (2017-21),"$86,000,000.00","$17,200,000.00"
Corey Kluber,CLE,SP,"$17,200,000.00",5 (2015-19),"$38,500,000.00","$7,700,000.00"
Mike Leake,SEA,SP,"$17,000,000.00",5 (2016-20),"$80,000,000.00","$16,000,000.00"
Nathan Eovaldi,BOS,SP,"$17,000,000.00",4 (2019-22),"$68,000,000.00","$17,000,000.00"
J.A. Happ,NYY,SP,"$17,000,000.00",2 (2019-20),"$34,000,000.00","$17,000,000.00"
Ian Kennedy,KC,SP,"$16,500,000.00",5 (2016-20),"$70,000,000.00","$14,000,000.00"
Khris Davis,OAK,DH,"$16,500,000.00",1 (2019),"$16,500,000.00","$16,500,000.00"
Dexter Fowler,STL,RF,"$16,500,000.00",5 (2017-21),"$82,500,000.00","$16,500,000.00"
Michael Brantley,HOU,LF,"$16,000,000.00",2 (2019-20),"$32,000,000.00","$16,000,000.00"
Jose Abreu,CWS,1B,"$16,000,000.00",1 (2019),"$16,000,000.00","$16,000,000.00"
Evan Longoria,SF,3B,"$15,500,000.00",6 (2017-22),"$100,000,000.00","$16,666,667.00"
Ian Desmond,COL,CF,"$15,400,000.00",5 (2017-21),"$70,000,000.00","$14,000,000.00"
Matt Carpenter,STL,3B,"$15,333,333.00",6 (2014-19),"$52,000,000.00","$8,666,667.00"
Elvis Andrus,TEX,SS,"$15,250,000.00",8 (2015-22),"$120,000,000.00","$15,000,000.00"
Danny Duffy,KC,SP,"$15,250,000.00",5 (2017-21),"$65,000,000.00","$13,000,000.00"
Brandon Crawford,SF,SS,"$15,200,000.00",6 (2016-21),"$75,000,000.00","$12,500,000.00"
Jean Segura,PHI,SS,"$15,050,000.00",5 (2018-22),"$70,000,000.00","$14,000,000.00"
Martin Prado,MIA,3B,"$15,000,000.00",3 (2017-19),"$40,000,000.00","$13,333,333.00"
Paul Goldschmidt,STL,1B,"$15,000,000.00",1 (2019),"$15,000,000.00","$15,000,000.00"
Charlie Morton,TB,SP,"$15,000,000.00",2 (2019-20),"$30,000,000.00","$15,000,000.00"
Chris Sale,BOS,SP,"$15,000,000.00",1 (2019),"$15,000,000.00","$15,000,000.00"
Lorenzo Cain,MIL,CF,"$15,000,000.00",5 (2018-22),"$80,000,000.00","$16,000,000.00"
Jason Kipnis,CLE,2B,"$14,666,667.00",6 (2014-19),"$52,500,000.00","$8,750,000.00"
Dustin Pedroia,BOS,2B,"$14,521,686.00",8 (2014-21),"$110,000,000.00","$13,750,000.00"
Nelson Cruz,MIN,DH,"$14,300,000.00",1 (2019),"$14,300,000.00","$14,300,000.00"
Jay Bruce,SEA,RF,"$14,000,000.00",3 (2018-20),"$39,000,000.00","$13,000,000.00"
Alex Cobb,BAL,SP,"$14,000,000.00",4 (2018-21),"$57,000,000.00","$14,250,000.00"
Gerrit Cole,HOU,SP,"$13,500,000.00",1 (2019),"$13,500,000.00","$13,500,000.00"
Dee Gordon,SEA,2B,"$13,500,000.00",5 (2016-20),"$50,000,000.00","$10,000,000.00"
Mark Trumbo,BAL,DH,"$13,274,428.00",3 (2017-19),"$36,887,268.00","$12,295,756.00"
Jedd Gyorko,STL,3B,"$13,166,666.00",6 (2014-19),"$35,510,900.00","$5,918,483.00"
Andrelton Simmons,LAA,SS,"$13,000,000.00",7 (2014-20),"$58,000,000.00","$8,285,714.00"
Zack Britton,NYY,RP,"$13,000,000.00",3 (2019-21),"$13,000,000.00","$4,333,333.00"
Trevor Bauer,CLE,SP,"$13,000,000.00",1 (2019),"$13,000,000.00","$13,000,000.00"
Josh Reddick,HOU,RF,"$13,000,000.00",4 (2017-20),"$52,000,000.00","$13,000,000.00"
Daniel Murphy,COL,1B,"$13,000,000.00",2 (2019-20),"$24,000,000.00","$12,000,000.00"
Patrick Corbin,WSH,SP,"$12,916,666.00",6 (2019-24),"$140,000,000.00","$23,333,333.00"
Kris Bryant,CHC,3B,"$12,900,000.00",1 (2019),"$12,900,000.00","$12,900,000.00"
Zack Cozart,LAA,3B,"$12,666,667.00",3 (2018-20),"$38,000,000.00","$12,666,667.00"
Ben Zobrist,CHC,2B,"$12,500,000.00",4 (2016-19),"$56,000,000.00","$14,000,000.00"
Tyler Chatwood,CHC,RP,"$12,500,000.00",3 (2018-20),"$38,000,000.00","$12,666,667.00"
Anthony Rizzo,CHC,1B,"$12,285,714.00",7 (2013-19),"$41,000,000.00","$5,857,143.00"
Marcell Ozuna,STL,LF,"$12,250,000.00",1 (2019),"$12,250,000.00","$12,250,000.00"
Andrew Miller,STL,RP,"$12,250,000.00",2 (2019-20),"$25,000,000.00","$12,500,000.00"
Starlin Castro,MIA,2B,"$12,000,000.00",7 (2013-19),"$60,000,000.00","$8,571,429.00"
Madison Bumgarner,SF,SP,"$12,000,000.00",1 (2019),"$12,000,000.00","$12,000,000.00"
Xander Bogaerts,BOS,SS,"$12,000,000.00",1 (2019),"$12,000,000.00","$12,000,000.00"
DJ LeMahieu,NYY,2B,"$12,000,000.00",2 (2019-20),"$24,000,000.00","$12,000,000.00"
Manny Machado,SD,3B,"$12,000,000.00",10 (2019-28),"$300,000,000.00","$30,000,000.00"
Marwin Gonzalez,MIN,3B,"$12,000,000.00",2 (2019-20),"$21,000,000.00","$10,500,000.00"
George Springer,HOU,CF,"$12,000,000.00",2 (2018-19),"$24,000,000.00","$12,000,000.00"
Kendrys Morales,OAK,DH,"$12,000,000.00",3 (2017-19),"$33,000,000.00","$11,000,000.00"
Carlos Martinez,STL,SP,"$11,800,000.00",5 (2017-21),"$51,000,000.00","$10,200,000.00"
Didi Gregorius,NYY,SS,"$11,750,000.00",1 (2019),"$11,750,000.00","$11,750,000.00"
Bryce Harper,PHI,RF,"$11,538,461.00",13 (2019-31),"$330,000,000.00","$25,384,615.00"
Francisco Cervelli,PIT,C,"$11,500,000.00",3 (2017-19),"$31,000,000.00","$10,333,333.00"
Salvador Perez,KC,C,"$11,200,000.00",6 (2016-21),"$54,500,000.00","$9,083,333.00"
Julio Teheran,ATL,SP,"$11,166,666.00",6 (2014-19),"$32,400,000.00","$5,400,000.00"
Matt Harvey,LAA,SP,"$11,000,000.00",1 (2019),"$11,000,000.00","$11,000,000.00"
David Robertson,PHI,RP,"$11,000,000.00",2 (2019-20),"$23,000,000.00","$11,500,000.00"
Andrew McCutchen,PHI,LF,"$11,000,000.00",3 (2019-21),"$50,000,000.00","$16,666,667.00"
Kole Calhoun,LAA,RF,"$10,833,333.00",3 (2017-19),"$26,000,000.00","$8,666,667.00"
Starling Marte,PIT,CF,"$10,666,666.00",6 (2014-19),"$31,000,000.00","$5,166,667.00"
Francisco Lindor,CLE,SS,"$10,550,000.00",1 (2019),"$10,550,000.00","$10,550,000.00"
Jose Quintana,CHC,SP,"$10,500,000.00",1 (2019),"$10,500,000.00","$10,500,000.00"
Carlos Carrasco,CLE,SP,"$10,500,000.00",4 (2019-22),"$47,000,000.00","$11,750,000.00"
Brandon Morrow,CHC,RP,"$10,500,000.00",2 (2018-19),"$21,000,000.00","$10,500,000.00"
Yulieski Gurriel,HOU,1B,"$10,000,000.00",5 (2016-20),"$47,500,000.00","$9,500,000.00"
Tanner Roark,CIN,SP,"$10,000,000.00",1 (2019),"$10,000,000.00","$10,000,000.00"
Mike Moustakas,MIL,2B,"$10,000,000.00",1 (2019),"$10,000,000.00","$10,000,000.00"
Nick Castellanos,DET,RF,"$9,950,000.00",1 (2019),"$9,950,000.00","$9,950,000.00"
Christian Yelich,MIL,RF,"$9,928,571.00",7 (2015-21),"$49,570,000.00","$7,081,429.00"
Mike Minor,TEX,SP,"$9,833,333.00",3 (2018-20),"$28,000,000.00","$9,333,333.00"
Scooter Gennett,CIN,2B,"$9,775,000.00",1 (2019),"$9,775,000.00","$9,775,000.00"
Yasiel Puig,CIN,RF,"$9,700,000.00",1 (2019),"$9,700,000.00","$9,700,000.00"
Alex Wood,CIN,SP,"$9,650,000.00",1 (2019),"$9,650,000.00","$9,650,000.00"
Jose Altuve,HOU,2B,"$9,500,000.00",7 (2018-24),"$163,500,000.00","$23,357,143.00"
Andrew Cashner,BAL,SP,"$9,500,000.00",2 (2018-19),"$16,000,000.00","$8,000,000.00"
Jake Odorizzi,MIN,SP,"$9,500,000.00",1 (2019),"$9,500,000.00","$9,500,000.00"
Yusei Kikuchi,SEA,SP,"$9,500,000.00",4 (2019-22),"$56,000,000.00","$14,000,000.00"
Kevin Gausman,ATL,SP,"$9,350,000.00",1 (2019),"$9,350,000.00","$9,350,000.00"
Lance Lynn,TEX,SP,"$9,333,333.00",3 (2019-21),"$30,000,000.00","$10,000,000.00"
Juan Nicasio,PHI,RP,"$9,250,000.00",2 (2018-19),"$17,000,000.00","$8,500,000.00"
Ivan Nova,CWS,SP,"$9,166,667.00",3 (2017-19),"$26,000,000.00","$8,666,667.00"
Bryan Shaw,COL,RP,"$9,166,666.00",3 (2018-20),"$27,000,000.00","$9,000,000.00"
Jake McGee,COL,RP,"$9,166,666.00",3 (2018-20),"$27,000,000.00","$9,000,000.00"
Juan Lagares,NYM,CF,"$9,100,000.00",5 (2015-19),"$23,553,696.00","$4,710,739.00"
Jason Vargas,NYM,SP,"$9,000,000.00",2 (2018-19),"$16,000,000.00","$8,000,000.00"
Kelvin Herrera,CWS,RP,"$9,000,000.00",2 (2019-20),"$18,000,000.00","$9,000,000.00"
Trevor Cahill,LAA,SP,"$9,000,000.00",1 (2019),"$9,000,000.00","$9,000,000.00"
Adam Ottavino,NYY,RP,"$9,000,000.00",3 (2019-21),"$27,000,000.00","$9,000,000.00"
Brian Dozier,WSH,2B,"$9,000,000.00",1 (2019),"$9,000,000.00","$9,000,000.00"
Anibal Sanchez,WSH,SP,"$9,000,000.00",2 (2019-20),"$19,000,000.00","$9,500,000.00"
Todd Frazier,NYM,3B,"$9,000,000.00",2 (2018-19),"$17,000,000.00","$8,500,000.00"
Jacob deGrom,NYM,SP,"$9,000,000.00",5 (2019-23),"$137,500,000.00","$27,500,000.00"
Tommy Hunter,PHI,RP,"$9,000,000.00",2 (2018-19),"$18,000,000.00","$9,000,000.00"
Darren O'''Day,ATL,RP,"$8,854,712.00",4 (2016-19),"$31,000,000.00","$7,750,000.00"
Adam Eaton,WSH,RF,"$8,700,000.00",5 (2015-19),"$23,500,000.00","$4,700,000.00"
Kevin Kiermaier,TB,CF,"$8,583,333.00",6 (2017-22),"$54,000,000.00","$9,000,000.00"
James Paxton,NYY,SP,"$8,575,000.00",1 (2019),"$8,575,000.00","$8,575,000.00"
Jackie Bradley Jr.,BOS,CF,"$8,550,000.00",1 (2019),"$8,550,000.00","$8,550,000.00"
Yonder Alonso,CWS,DH,"$8,500,000.00",2 (2018-19),"$16,000,000.00","$8,000,000.00"
Corey Dickerson,PIT,LF,"$8,500,000.00",1 (2019),"$8,500,000.00","$8,500,000.00"
Cody Allen,LAA,RP,"$8,500,000.00",1 (2019),"$8,500,000.00","$8,500,000.00"
Anthony Swarzak,SEA,RP,"$8,500,000.00",2 (2018-19),"$14,000,000.00","$7,000,000.00"
Jed Lowrie,NYM,2B,"$8,500,000.00",2 (2019-20),"$20,000,000.00","$10,000,000.00"
Addison Reed,MIN,RP,"$8,500,000.00",2 (2018-19),"$16,750,000.00","$8,375,000.00"
Rougned Odor,TEX,2B,"$8,333,333.00",6 (2017-22),"$49,500,000.00","$8,250,000.00"
Pat Neshek,PHI,RP,"$8,125,000.00",2 (2018-19),"$16,250,000.00","$8,125,000.00"
Kyle Gibson,MIN,SP,"$8,125,000.00",1 (2019),"$8,125,000.00","$8,125,000.00"
Miles Mikolas,STL,SP,"$8,000,000.00",2 (2018-19),"$15,500,000.00","$7,750,000.00"
Jason Castro,MIN,C,"$8,000,000.00",3 (2017-19),"$24,500,000.00","$8,166,667.00"
Michael Pineda,MIN,SP,"$8,000,000.00",2 (2018-19),"$10,000,000.00","$5,000,000.00"
Wilson Ramos,NYM,C,"$8,000,000.00",2 (2019-20),"$19,000,000.00","$9,500,000.00"
Justin Smoak,TOR,1B,"$8,000,000.00",1 (2019),"$8,000,000.00","$8,000,000.00"
CC Sabathia,NYY,SP,"$8,000,000.00",1 (2019),"$8,000,000.00","$8,000,000.00"
Joe Smith,HOU,RP,"$8,000,000.00",2 (2018-19),"$15,000,000.00","$7,500,000.00"
Chris Archer,PIT,SP,"$7,758,333.00",6 (2014-19),"$25,500,000.00","$4,250,000.00"
Cesar Hernandez,PHI,2B,"$7,750,000.00",1 (2019),"$7,750,000.00","$7,750,000.00"
Brett Cecil,STL,RP,"$7,750,000.00",4 (2017-20),"$30,500,000.00","$7,625,000.00"
Welington Castillo,CWS,C,"$7,500,000.00",2 (2018-19),"$15,000,000.00","$7,500,000.00"
Steve Cishek,CHC,RP,"$7,500,000.00",2 (2018-19),"$13,500,000.00","$6,750,000.00"
Sonny Gray,CIN,SP,"$7,500,000.00",1 (2019),"$7,500,000.00","$7,500,000.00"
Jonathan Schoop,MIN,2B,"$7,500,000.00",1 (2019),"$7,500,000.00","$7,500,000.00"
Brett Gardner,NYY,LF,"$7,500,000.00",1 (2019),"$7,500,000.00","$7,500,000.00"
Stephen Piscotty,OAK,RF,"$7,500,000.00",6 (2017-22),"$33,500,000.00","$5,583,333.00"
Brad Hand,CLE,RP,"$7,416,666.00",3 (2018-20),"$19,750,000.00","$6,583,333.00"
Kyle Hendricks,CHC,SP,"$7,405,000.00",1 (2019),"$7,405,000.00","$7,405,000.00"
Marcus Stroman,TOR,SP,"$7,400,000.00",1 (2019),"$7,400,000.00","$7,400,000.00"
Mike Dunn,COL,RP,"$7,333,333.00",3 (2017-19),"$19,000,000.00","$6,333,333.00"
Alex Colome,CWS,RP,"$7,325,000.00",1 (2019),"$7,325,000.00","$7,325,000.00"
Eugenio Suarez,CIN,3B,"$7,285,714.00",7 (2018-24),"$66,000,000.00","$9,428,571.00"
Yan Gomes,WSH,C,"$7,250,000.00",6 (2014-19),"$23,000,000.00","$3,833,333.00"
Dellin Betances,NYY,RP,"$7,250,000.00",1 (2019),"$7,250,000.00","$7,250,000.00"
David Peralta,ARI,LF,"$7,000,000.00",1 (2019),"$7,000,000.00","$7,000,000.00"
Derek Holland,SF,SP,"$7,000,000.00",1 (2019),"$7,000,000.00","$7,000,000.00"
Drew Smyly,TEX,SP,"$7,000,000.00",2 (2018-19),"$10,000,000.00","$5,000,000.00"
Trevor Rosenthal,WSH,RP,"$7,000,000.00",1 (2019),"$7,000,000.00","$7,000,000.00"
Garrett Richards,SD,SP,"$7,000,000.00",2 (2019-20),"$15,500,000.00","$7,750,000.00"
Chase Anderson,MIL,SP,"$6,750,000.00",2 (2018-19),"$11,750,000.00","$5,875,000.00"
Jhoulys Chacin,MIL,SP,"$6,750,000.00",2 (2018-19),"$15,500,000.00","$7,750,000.00"
Kolten Wong,STL,2B,"$6,700,000.00",5 (2016-20),"$25,500,000.00","$5,100,000.00"
Gregory Polanco,PIT,OF,"$6,700,000.00",5 (2017-21),"$35,000,000.00","$7,000,000.00"
Jeurys Familia,NYM,RP,"$6,666,666.00",3 (2019-21),"$30,000,000.00","$10,000,000.00"
Mitch Moreland,BOS,1B,"$6,500,000.00",2 (2018-19),"$13,000,000.00","$6,500,000.00"
Roberto Osuna,HOU,RP,"$6,500,000.00",1 (2019),"$6,500,000.00","$6,500,000.00"
Joakim Soria,OAK,RP,"$6,500,000.00",2 (2019-20),"$15,000,000.00","$7,500,000.00"
Tony Watson,SF,RP,"$6,500,000.00",2 (2018-19),"$9,500,000.00","$4,750,000.00"
Sean Doolittle,WSH,RP,"$6,500,000.00",1 (2019),"$6,500,000.00","$6,500,000.00"
Aaron Hicks,NYY,CF,"$6,428,571.00",7 (2019-25),"$70,000,000.00","$10,000,000.00"
Blake Treinen,OAK,RP,"$6,400,000.00",1 (2019),"$6,400,000.00","$6,400,000.00"
Michael Wacha,STL,SP,"$6,350,000.00",1 (2019),"$6,350,000.00","$6,350,000.00"
Eric Thames,MIL,1B,"$6,333,333.00",3 (2017-19),"$16,000,000.00","$5,333,333.00"
Ken Giles,TOR,RP,"$6,300,000.00",1 (2019),"$6,300,000.00","$6,300,000.00"
Pedro Strop,CHC,RP,"$6,250,000.00",1 (2019),"$6,250,000.00","$6,250,000.00"
Steve Pearce,BOS,1B,"$6,250,000.00",1 (2019),"$6,250,000.00","$6,250,000.00"
Max Kepler,MIN,RF,"$6,200,000.00",5 (2019-23),"$35,000,000.00","$7,000,000.00"
Eduardo Escobar,ARI,3B,"$6,166,666.00",3 (2019-21),"$21,000,000.00","$7,000,000.00"
Robbie Ray,ARI,SP,"$6,050,000.00",1 (2019),"$6,050,000.00","$6,050,000.00"
Yusmeiro Petit,OAK,RP,"$6,000,000.00",2 (2018-19),"$10,000,000.00","$5,000,000.00"
Tyler Flowers,ATL,C,"$6,000,000.00",1 (2019),"$6,000,000.00","$6,000,000.00"
Nick Markakis,ATL,RF,"$6,000,000.00",1 (2019),"$6,000,000.00","$6,000,000.00"
Raisel Iglesias,CIN,RP,"$6,000,000.00",3 (2019-21),"$24,125,000.00","$8,041,667.00"
Noah Syndergaard,NYM,SP,"$6,000,000.00",1 (2019),"$6,000,000.00","$6,000,000.00"
Mike Fiers,OAK,SP,"$6,000,000.00",2 (2019-20),"$14,100,000.00","$7,050,000.00"
Zack Wheeler,NYM,SP,"$5,975,000.00",1 (2019),"$5,975,000.00","$5,975,000.00"
Marcus Semien,OAK,SS,"$5,900,000.00",1 (2019),"$5,900,000.00","$5,900,000.00"
J.T. Realmuto,PHI,C,"$5,900,000.00",1 (2019),"$5,900,000.00","$5,900,000.00"
Kevin Pillar,TOR,CF,"$5,800,000.00",1 (2019),"$5,800,000.00","$5,800,000.00"
Collin McHugh,HOU,SP,"$5,800,000.00",1 (2019),"$5,800,000.00","$5,800,000.00"
Robinson Chirinos,HOU,C,"$5,750,000.00",1 (2019),"$5,750,000.00","$5,750,000.00"
Tyson Ross,DET,SP,"$5,750,000.00",1 (2019),"$5,750,000.00","$5,750,000.00"
Ender Inciarte,ATL,CF,"$5,700,000.00",5 (2017-21),"$30,525,000.00","$6,105,000.00"
Wil Myers,SD,LF,"$5,666,666.00",6 (2017-22),"$83,000,000.00","$13,833,333.00"
Aaron Nola,PHI,SP,"$5,562,500.00",4 (2019-22),"$45,000,000.00","$11,250,000.00"
Odubel Herrera,PHI,CF,"$5,550,000.00",5 (2017-21),"$30,500,000.00","$6,100,000.00"
Luke Gregerson,STL,RP,"$5,500,000.00",2 (2018-19),"$11,000,000.00","$5,500,000.00"
Mike Foltynewicz,ATL,SP,"$5,475,000.00",1 (2019),"$5,475,000.00","$5,475,000.00"
Jordy Mercer,DET,SS,"$5,250,000.00",1 (2019),"$5,250,000.00","$5,250,000.00"
Billy Hamilton,KC,CF,"$5,250,000.00",1 (2019),"$5,250,000.00","$5,250,000.00"
A.J. Pollock,LAD,CF,"$5,250,000.00",4 (2019-22),"$55,000,000.00","$13,750,000.00"
Fernando Rodney,OAK,RP,"$5,250,000.00",1 (2019),"$5,250,000.00","$5,250,000.00"
Maikel Franco,PHI,3B,"$5,200,000.00",1 (2019),"$5,200,000.00","$5,200,000.00"
Javier Baez,CHC,SS,"$5,200,000.00",1 (2019),"$5,200,000.00","$5,200,000.00"
Luis Severino,NYY,SP,"$5,187,500.00",4 (2019-22),"$40,000,000.00","$10,000,000.00"
Corey Knebel,MIL,RP,"$5,125,000.00",1 (2019),"$5,125,000.00","$5,125,000.00"
Taijuan Walker,ARI,SP,"$5,025,000.00",1 (2019),"$5,025,000.00","$5,025,000.00"
Eduardo Nunez,BOS,3B,"$5,000,000.00",1 (2019),"$5,000,000.00","$5,000,000.00"
Brandon Kintzler,CHC,RP,"$5,000,000.00",1 (2019),"$5,000,000.00","$5,000,000.00"
Randal Grichuk,TOR,RF,"$5,000,000.00",1 (2019),"$5,000,000.00","$5,000,000.00"
Trevor Story,COL,SS,"$5,000,000.00",1 (2019),"$5,000,000.00","$5,000,000.00"
Justin Wilson,NYM,RP,"$5,000,000.00",2 (2019-20),"$10,000,000.00","$5,000,000.00"
Sam Dyson,SF,RP,"$5,000,000.00",1 (2019),"$5,000,000.00","$5,000,000.00"
Freddy Galvis,TOR,SS,"$5,000,000.00",1 (2019),"$5,000,000.00","$5,000,000.00"
Carlos Correa,HOU,SS,"$5,000,000.00",1 (2019),"$5,000,000.00","$5,000,000.00"
Joc Pederson,LAD,LF,"$5,000,000.00",1 (2019),"$5,000,000.00","$5,000,000.00"
Jonathan Villar,BAL,2B,"$4,825,000.00",1 (2019),"$4,825,000.00","$4,825,000.00"
Jake Lamb,ARI,1B,"$4,825,000.00",1 (2019),"$4,825,000.00","$4,825,000.00"
Arodys Vizcaino,ATL,RP,"$4,800,000.00",1 (2019),"$4,800,000.00","$4,800,000.00"
C.J. Cron,MIN,1B,"$4,800,000.00",1 (2019),"$4,800,000.00","$4,800,000.00"
Felipe Vazquez,PIT,RP,"$4,750,000.00",4 (2018-21),"$22,000,000.00","$5,500,000.00"
Travis Shaw,MIL,3B,"$4,675,000.00",1 (2019),"$4,675,000.00","$4,675,000.00"
Joe Kelly,LAD,RP,"$4,666,666.00",3 (2019-21),"$25,000,000.00","$8,333,333.00"
Jorge Soler,KC,RF,"$4,666,666.00",9 (2012-20),"$30,000,000.00","$3,333,333.00"
Nate Jones,CWS,RP,"$4,650,000.00",1 (2019),"$4,650,000.00","$4,650,000.00"
Yolmer Sanchez,CWS,2B,"$4,625,000.00",1 (2019),"$4,625,000.00","$4,625,000.00"
Chris Iannetta,COL,C,"$4,525,000.00",2 (2018-19),"$8,500,000.00","$4,250,000.00"
Hector Rondon,HOU,RP,"$4,500,000.00",2 (2018-19),"$8,500,000.00","$4,250,000.00"
David Freese,LAD,3B,"$4,500,000.00",1 (2019),"$4,500,000.00","$4,500,000.00"
Wade Miley,HOU,SP,"$4,500,000.00",1 (2019),"$4,500,000.00","$4,500,000.00"
Danny Salazar,CLE,SP,"$4,500,000.00",1 (2019),"$4,500,000.00","$4,500,000.00"
Mike Zunino,TB,C,"$4,412,500.00",1 (2019),"$4,412,500.00","$4,412,500.00"
Eduardo Rodriguez,BOS,SP,"$4,300,000.00",1 (2019),"$4,300,000.00","$4,300,000.00"
Alex Avila,ARI,C,"$4,250,000.00",2 (2018-19),"$8,250,000.00","$4,125,000.00"
Wilmer Flores,ARI,2B,"$4,250,000.00",1 (2019),"$4,250,000.00","$4,250,000.00"
Will Smith,SF,RP,"$4,225,000.00",1 (2019),"$4,225,000.00","$4,225,000.00"
Will Harris,HOU,RP,"$4,225,000.00",1 (2019),"$4,225,000.00","$4,225,000.00"
Carlos Rodon,CWS,SP,"$4,200,000.00",1 (2019),"$4,200,000.00","$4,200,000.00"
Eddie Rosario,MIN,LF,"$4,190,000.00",1 (2019),"$4,190,000.00","$4,190,000.00"
Jorge Polanco,MIN,SS,"$4,158,333.00",5 (2019-23),"$25,750,000.00","$5,150,000.00"
Jose Ramirez,CLE,3B,"$4,150,000.00",5 (2017-21),"$26,000,000.00","$5,200,000.00"
Steven Souza Jr.,ARI,RF,"$4,125,000.00",1 (2019),"$4,125,000.00","$4,125,000.00"
Lance McCullers Jr.,HOU,SP,"$4,100,000.00",1 (2019),"$4,100,000.00","$4,100,000.00"
Tommy Pham,TB,LF,"$4,100,000.00",1 (2019),"$4,100,000.00","$4,100,000.00"
Michael Conforto,NYM,RF,"$4,025,000.00",1 (2019),"$4,025,000.00","$4,025,000.00"
Shane Greene,DET,RP,"$4,000,000.00",1 (2019),"$4,000,000.00","$4,000,000.00"
Corey Seager,LAD,SS,"$4,000,000.00",1 (2019),"$4,000,000.00","$4,000,000.00"
Marco Estrada,OAK,SP,"$4,000,000.00",1 (2019),"$4,000,000.00","$4,000,000.00"
Ian Kinsler,SD,2B,"$4,000,000.00",2 (2019-20),"$8,000,000.00","$4,000,000.00"
Jesse Chavez,TEX,RP,"$4,000,000.00",2 (2019-20),"$8,000,000.00","$4,000,000.00"
Matt Adams,WSH,1B,"$4,000,000.00",1 (2019),"$4,000,000.00","$4,000,000.00"
Kurt Suzuki,WSH,C,"$4,000,000.00",2 (2019-20),"$10,000,000.00","$5,000,000.00"
Howie Kendrick,WSH,OF,"$4,000,000.00",2 (2018-19),"$7,000,000.00","$3,500,000.00"
Martin Perez,MIN,RP,"$4,000,000.00",1 (2019),"$4,000,000.00","$4,000,000.00"
Jon Jay,CWS,RF,"$4,000,000.00",1 (2019),"$4,000,000.00","$4,000,000.00"
Aaron Sanchez,TOR,SP,"$3,900,000.00",1 (2019),"$3,900,000.00","$3,900,000.00"
Joe Panik,SF,2B,"$3,850,000.00",1 (2019),"$3,850,000.00","$3,850,000.00"
Jarrod Dyson,ARI,OF,"$3,750,000.00",2 (2018-19),"$7,500,000.00","$3,750,000.00"
Trea Turner,WSH,SS,"$3,725,000.00",1 (2019),"$3,725,000.00","$3,725,000.00"
Kike Hernandez,LAD,2B,"$3,725,000.00",1 (2019),"$3,725,000.00","$3,725,000.00"
Tyler Skaggs,LAA,SP,"$3,700,000.00",1 (2019),"$3,700,000.00","$3,700,000.00"
Jimmy Nelson,MIL,SP,"$3,700,000.00",1 (2019),"$3,700,000.00","$3,700,000.00"
Nick Ahmed,ARI,SS,"$3,662,500.00",1 (2019),"$3,662,500.00","$3,662,500.00"
Jurickson Profar,OAK,2B,"$3,600,000.00",1 (2019),"$3,600,000.00","$3,600,000.00"
Brock Holt,BOS,2B,"$3,575,000.00",1 (2019),"$3,575,000.00","$3,575,000.00"
Travis d'Arnaud,NYM,C,"$3,515,000.00",1 (2019),"$3,515,000.00","$3,515,000.00"
Asdrubal Cabrera,TEX,3B,"$3,500,000.00",1 (2019),"$3,500,000.00","$3,500,000.00"
Matt Shoemaker,TOR,SP,"$3,500,000.00",1 (2019),"$3,500,000.00","$3,500,000.00"
Avisail Garcia,TB,RF,"$3,500,000.00",1 (2019),"$3,500,000.00","$3,500,000.00"
Chris Taylor,LAD,2B,"$3,500,000.00",1 (2019),"$3,500,000.00","$3,500,000.00"
Andrew Heaney,LAA,SP,"$3,400,000.00",1 (2019),"$3,400,000.00","$3,400,000.00"
Addison Russell,CHC,SS,"$3,400,000.00",1 (2019),"$3,400,000.00","$3,400,000.00"
Kyle Schwarber,CHC,LF,"$3,390,000.00",1 (2019),"$3,390,000.00","$3,390,000.00"
Jonathan Lucroy,LAA,C,"$3,350,000.00",1 (2019),"$3,350,000.00","$3,350,000.00"
Chad Bettis,COL,SP,"$3,325,000.00",1 (2019),"$3,325,000.00","$3,325,000.00"
Nomar Mazara,TEX,RF,"$3,300,000.00",1 (2019),"$3,300,000.00","$3,300,000.00"
Clayton Richard,TOR,SP,"$3,300,000.00",1 (2019),"$3,300,000.00","$3,300,000.00"
Yoshihisa Hirano,ARI,RP,"$3,250,000.00",2 (2018-19),"$6,000,000.00","$3,000,000.00"
Greg Holland,ARI,RP,"$3,250,000.00",1 (2019),"$3,250,000.00","$3,250,000.00"
Wily Peralta,KC,RP,"$3,250,000.00",1 (2019),"$3,250,000.00","$3,250,000.00"
Jeff Mathis,TEX,C,"$3,250,000.00",2 (2019-20),"$6,250,000.00","$3,125,000.00"
Michael A. Taylor,WSH,CF,"$3,250,000.00",1 (2019),"$3,250,000.00","$3,250,000.00"
Jose Urena,MIA,SP,"$3,200,000.00",1 (2019),"$3,200,000.00","$3,200,000.00"
Keone Kela,PIT,RP,"$3,175,000.00",1 (2019),"$3,175,000.00","$3,175,000.00"
Jeremy Jeffress,MIL,RP,"$3,175,000.00",1 (2019),"$3,175,000.00","$3,175,000.00"
Miguel Rojas,MIA,SS,"$3,155,000.00",1 (2019),"$3,155,000.00","$3,155,000.00"
Sean Manaea,OAK,SP,"$3,150,000.00",1 (2019),"$3,150,000.00","$3,150,000.00"
Kenta Maeda,LAD,SP,"$3,125,000.00",8 (2016-23),"$25,000,000.00","$3,125,000.00"
Brad Peacock,HOU,SP,"$3,110,000.00",1 (2019),"$3,110,000.00","$3,110,000.00"
Kirby Yates,SD,RP,"$3,062,500.00",1 (2019),"$3,062,500.00","$3,062,500.00"
Leonys Martin,CLE,CF,"$3,000,000.00",1 (2019),"$3,000,000.00","$3,000,000.00"
Chris Owings,KC,SS,"$3,000,000.00",1 (2019),"$3,000,000.00","$3,000,000.00"
Jung-ho Kang,PIT,3B,"$3,000,000.00",1 (2019),"$3,000,000.00","$3,000,000.00"
Brad Brach,CHC,RP,"$3,000,000.00",1 (2019),"$3,000,000.00","$3,000,000.00"
Adam Jones,ARI,OF,"$3,000,000.00",1 (2019),"$3,000,000.00","$3,000,000.00"
Clay Buchholz,TOR,SP,"$3,000,000.00",1 (2019),"$3,000,000.00","$3,000,000.00"
Tucker Barnhart,CIN,C,"$2,937,500.00",4 (2018-21),"$16,000,000.00","$4,000,000.00"
Christian Vazquez,BOS,C,"$2,933,333.00",3 (2019-21),"$13,550,000.00","$4,516,667.00"
Jon Gray,COL,SP,"$2,925,000.00",1 (2019),"$2,925,000.00","$2,925,000.00"
Ryan Pressly,HOU,RP,"$2,900,000.00",1 (2019),"$2,900,000.00","$2,900,000.00"
Dylan Bundy,BAL,SP,"$2,800,000.00",1 (2019),"$2,800,000.00","$2,800,000.00"
Michael Fulmer,DET,SP,"$2,800,000.00",1 (2019),"$2,800,000.00","$2,800,000.00"
Jose Peraza,CIN,2B,"$2,775,000.00",1 (2019),"$2,775,000.00","$2,775,000.00"
Wade LeBlanc,SEA,SP,"$2,750,000.00",1 (2019),"$2,750,000.00","$2,750,000.00"
Shawn Kelley,TEX,RP,"$2,750,000.00",1 (2019),"$2,750,000.00","$2,750,000.00"
Jake Diekman,KC,RP,"$2,750,000.00",1 (2019),"$2,750,000.00","$2,750,000.00"
Lonnie Chisenhall,PIT,RF,"$2,750,000.00",1 (2019),"$2,750,000.00","$2,750,000.00"
Matt Duffy,TB,3B,"$2,675,000.00",1 (2019),"$2,675,000.00","$2,675,000.00"
Tony Cingrani,LAD,RP,"$2,650,000.00",1 (2019),"$2,650,000.00","$2,650,000.00"
Miguel Sano,MIN,3B,"$2,650,000.00",1 (2019),"$2,650,000.00","$2,650,000.00"
Roberto Perez,CLE,C,"$2,625,000.00",4 (2017-20),"$9,000,000.00","$2,250,000.00"
Steven Matz,NYM,SP,"$2,625,000.00",1 (2019),"$2,625,000.00","$2,625,000.00"
Tyler Anderson,COL,SP,"$2,625,000.00",1 (2019),"$2,625,000.00","$2,625,000.00"
Matt Boyd,DET,SP,"$2,600,000.00",1 (2019),"$2,600,000.00","$2,600,000.00"
Zach Davies,MIL,SP,"$2,600,000.00",1 (2019),"$2,600,000.00","$2,600,000.00"
Ketel Marte,ARI,CF,"$2,600,000.00",5 (2018-22),"$24,000,000.00","$4,800,000.00"
Matt Albers,MIL,RP,"$2,500,000.00",2 (2018-19),"$5,000,000.00","$2,500,000.00"
David Hernandez,CIN,RP,"$2,500,000.00",2 (2018-19),"$5,000,000.00","$2,500,000.00"
Matt Moore,DET,SP,"$2,500,000.00",1 (2019),"$2,500,000.00","$2,500,000.00"
Oliver Perez,CLE,RP,"$2,500,000.00",1 (2019),"$2,500,000.00","$2,500,000.00"
James McCann,CWS,C,"$2,500,000.00",1 (2019),"$2,500,000.00","$2,500,000.00"
Justin Bour,LAA,1B,"$2,500,000.00",1 (2019),"$2,500,000.00","$2,500,000.00"
Hernan Perez,MIL,2B,"$2,500,000.00",1 (2019),"$2,500,000.00","$2,500,000.00"
Adam Warren,SD,RP,"$2,500,000.00",1 (2019),"$2,500,000.00","$2,500,000.00"
Martin Maldonado,KC,C,"$2,500,000.00",1 (2019),"$2,500,000.00","$2,500,000.00"
Sergio Romo,MIA,RP,"$2,500,000.00",1 (2019),"$2,500,000.00","$2,500,000.00"
Jose Iglesias,CIN,SS,"$2,500,000.00",1 (2019),"$2,500,000.00","$2,500,000.00"
Seunghwan Oh,COL,RP,"$2,500,000.00",1 (2019),"$2,500,000.00","$2,500,000.00"
David Phelps,TOR,RP,"$2,500,000.00",1 (2019),"$2,500,000.00","$2,500,000.00"
Mike Montgomery,CHC,RP,"$2,440,000.00",1 (2019),"$2,440,000.00","$2,440,000.00"
Eloy Jimenez,CWS,LF,"$2,333,333.00",6 (2019-24),"$43,000,000.00","$7,166,667.00"
Craig Stammen,SD,RP,"$2,250,000.00",2 (2018-19),"$4,500,000.00","$2,250,000.00"
Chris Martin,TEX,RP,"$2,250,000.00",2 (2018-19),"$4,000,000.00","$2,000,000.00"
Merrill Kelly,ARI,SP,"$2,250,000.00",2 (2019-20),"$5,500,000.00","$2,750,000.00"
Jonny Venters,ATL,RP,"$2,250,000.00",1 (2019),"$2,250,000.00","$2,250,000.00"
Jared Hughes,CIN,RP,"$2,250,000.00",2 (2018-19),"$4,500,000.00","$2,250,000.00"
Vince Velasquez,PHI,SP,"$2,249,000.00",1 (2019),"$2,249,000.00","$2,249,000.00"
Junior Guerra,MIL,SP,"$2,225,000.00",1 (2019),"$2,225,000.00","$2,225,000.00"
Jake Marisnick,HOU,OF,"$2,212,500.00",1 (2019),"$2,212,500.00","$2,212,500.00"
Brad Boxberger,KC,RP,"$2,200,000.00",1 (2019),"$2,200,000.00","$2,200,000.00"
Mychal Givens,BAL,RP,"$2,150,000.00",1 (2019),"$2,150,000.00","$2,150,000.00"
Liam Hendriks,OAK,RP,"$2,150,000.00",1 (2019),"$2,150,000.00","$2,150,000.00"
Anthony DeSclafani,CIN,SP,"$2,125,000.00",1 (2019),"$2,125,000.00","$2,125,000.00"
Pedro Baez,LAD,RP,"$2,100,000.00",1 (2019),"$2,100,000.00","$2,100,000.00"
Austin Hedges,SD,C,"$2,060,000.00",1 (2019),"$2,060,000.00","$2,060,000.00"
Mark Canha,OAK,OF,"$2,050,000.00",1 (2019),"$2,050,000.00","$2,050,000.00"
Jordan Lyles,PIT,SP,"$2,050,000.00",1 (2019),"$2,050,000.00","$2,050,000.00"
Brian McCann,ATL,C,"$2,000,000.00",1 (2019),"$2,000,000.00","$2,000,000.00"
Daniel Descalso,CHC,2B,"$2,000,000.00",2 (2019-20),"$5,000,000.00","$2,500,000.00"
Neil Walker,MIA,1B,"$2,000,000.00",1 (2019),"$2,000,000.00","$2,000,000.00"
Paul DeJong,STL,SS,"$2,000,000.00",6 (2018-23),"$26,000,000.00","$4,333,333.00"
Adam Wainwright,STL,SP,"$2,000,000.00",1 (2019),"$2,000,000.00","$2,000,000.00"
Shelby Miller,TEX,SP,"$2,000,000.00",1 (2019),"$2,000,000.00","$2,000,000.00"
Edinson Volquez,TEX,SP,"$2,000,000.00",1 (2019),"$2,000,000.00","$2,000,000.00"
Zach Duke,CIN,RP,"$2,000,000.00",1 (2019),"$2,000,000.00","$2,000,000.00"
Robbie Grossman,OAK,LF,"$2,000,000.00",1 (2019),"$2,000,000.00","$2,000,000.00"
Josh Harrison,DET,2B,"$2,000,000.00",1 (2019),"$2,000,000.00","$2,000,000.00"
Derek Dietrich,CIN,LF,"$2,000,000.00",1 (2019),"$2,000,000.00","$2,000,000.00"
Aledmys Diaz,HOU,SS,"$2,000,000.00",1 (2019),"$2,000,000.00","$2,000,000.00"
Logan Forsythe,TEX,2B,"$2,000,000.00",1 (2019),"$2,000,000.00","$2,000,000.00"
Hunter Pence,TEX,LF,"$2,000,000.00",1 (2019),"$2,000,000.00","$2,000,000.00"
Michael Lorenzen,CIN,RP,"$1,950,000.00",1 (2019),"$1,950,000.00","$1,950,000.00"
Domingo Santana,SEA,LF,"$1,950,000.00",1 (2019),"$1,950,000.00","$1,950,000.00"
Andrew Chafin,ARI,RP,"$1,945,000.00",1 (2019),"$1,945,000.00","$1,945,000.00"
Lourdes Gurriel Jr.,TOR,2B,"$1,928,571.00",7 (2017-23),"$22,000,000.00","$3,142,857.00"
Jose Alvarez,PHI,RP,"$1,925,000.00",1 (2019),"$1,925,000.00","$1,925,000.00"
Devon Travis,TOR,2B,"$1,925,000.00",1 (2019),"$1,925,000.00","$1,925,000.00"
JC Ramirez,LAA,SP,"$1,901,000.00",1 (2019),"$1,901,000.00","$1,901,000.00"
Archie Bradley,ARI,RP,"$1,830,000.00",1 (2019),"$1,830,000.00","$1,830,000.00"
Hector Neris,PHI,RP,"$1,800,000.00",1 (2019),"$1,800,000.00","$1,800,000.00"
Austin Romine,NYY,C,"$1,800,000.00",1 (2019),"$1,800,000.00","$1,800,000.00"
Blake Parker,MIN,RP,"$1,800,000.00",1 (2019),"$1,800,000.00","$1,800,000.00"
Francisco Liriano,PIT,RP,"$1,800,000.00",1 (2019),"$1,800,000.00","$1,800,000.00"
Tyler Thornburg,BOS,RP,"$1,750,000.00",1 (2019),"$1,750,000.00","$1,750,000.00"
Cam Bedrosian,LAA,RP,"$1,750,000.00",1 (2019),"$1,750,000.00","$1,750,000.00"
Byron Buxton,MIN,CF,"$1,750,000.00",1 (2019),"$1,750,000.00","$1,750,000.00"
Tim Beckham,SEA,SS,"$1,750,000.00",1 (2019),"$1,750,000.00","$1,750,000.00"
Manny Pina,MIL,C,"$1,750,000.00",1 (2019),"$1,750,000.00","$1,750,000.00"
Curtis Granderson,MIA,LF,"$1,750,000.00",1 (2019),"$1,750,000.00","$1,750,000.00"
Gerardo Parra,SF,RF,"$1,750,000.00",1 (2019),"$1,750,000.00","$1,750,000.00"
Yangervis Solarte,SF,3B,"$1,750,000.00",1 (2019),"$1,750,000.00","$1,750,000.00"
Kyle Barraclough,WSH,RP,"$1,725,000.00",1 (2019),"$1,725,000.00","$1,725,000.00"
Jose Leclerc,TEX,RP,"$1,687,500.00",4 (2019-22),"$14,750,000.00","$3,687,500.00"
Chris Rusin,COL,RP,"$1,687,500.00",1 (2019),"$1,687,500.00","$1,687,500.00"
Luis Garcia,LAA,RP,"$1,675,000.00",1 (2019),"$1,675,000.00","$1,675,000.00"
Scott Kingery,PHI,2B,"$1,666,666.00",6 (2018-23),"$24,000,000.00","$4,000,000.00"
Matt Barnes,BOS,RP,"$1,600,000.00",1 (2019),"$1,600,000.00","$1,600,000.00"
Blake Snell,TB,SP,"$1,600,000.00",5 (2019-23),"$50,000,000.00","$10,000,000.00"
Luis Avilan,NYM,RP,"$1,600,000.00",1 (2019),"$1,600,000.00","$1,600,000.00"
Leury Garcia,CWS,OF,"$1,550,000.00",1 (2019),"$1,550,000.00","$1,550,000.00"
Taylor Rogers,MIN,RP,"$1,525,000.00",1 (2019),"$1,525,000.00","$1,525,000.00"
Chris Devenski,HOU,RP,"$1,525,000.00",1 (2019),"$1,525,000.00","$1,525,000.00"
Ryan Tepera,TOR,RP,"$1,525,000.00",1 (2019),"$1,525,000.00","$1,525,000.00"
Carl Edwards Jr.,CHC,RP,"$1,500,000.00",1 (2019),"$1,500,000.00","$1,500,000.00"
Cory Gearrin,SEA,RP,"$1,500,000.00",1 (2019),"$1,500,000.00","$1,500,000.00"
Drew Pomeranz,SF,SP,"$1,500,000.00",1 (2019),"$1,500,000.00","$1,500,000.00"
Brett Anderson,OAK,SP,"$1,500,000.00",1 (2019),"$1,500,000.00","$1,500,000.00"
Matt Wieters,STL,C,"$1,500,000.00",1 (2019),"$1,500,000.00","$1,500,000.00"
Daniel Hudson,TOR,RP,"$1,500,000.00",1 (2019),"$1,500,000.00","$1,500,000.00"
Robbie Erlin,SD,SP,"$1,450,000.00",1 (2019),"$1,450,000.00","$1,450,000.00"
T.J. McFarland,ARI,RP,"$1,450,000.00",1 (2019),"$1,450,000.00","$1,450,000.00"
Tim Anderson,CWS,SS,"$1,400,000.00",6 (2017-22),"$25,000,000.00","$4,166,667.00"
Ryan Buchter,OAK,RP,"$1,400,000.00",1 (2019),"$1,400,000.00","$1,400,000.00"
Hansel Robles,LAA,RP,"$1,400,000.00",1 (2019),"$1,400,000.00","$1,400,000.00"
Delino DeShields,TEX,CF,"$1,400,000.00",1 (2019),"$1,400,000.00","$1,400,000.00"
Aaron Loup,SD,RP,"$1,400,000.00",1 (2019),"$1,400,000.00","$1,400,000.00"
Charlie Culberson,ATL,SS,"$1,395,000.00",1 (2019),"$1,395,000.00","$1,395,000.00"
Tommy Kahnle,NYY,RP,"$1,387,500.00",1 (2019),"$1,387,500.00","$1,387,500.00"
Steven Wright,BOS,SP,"$1,375,000.00",1 (2019),"$1,375,000.00","$1,375,000.00"
Dan Otero,CLE,RP,"$1,350,000.00",2 (2018-19),"$2,500,000.00","$1,250,000.00"
Aaron Altherr,PHI,RF,"$1,350,000.00",1 (2019),"$1,350,000.00","$1,350,000.00"
Tommy La Stella,LAA,2B,"$1,350,000.00",1 (2019),"$1,350,000.00","$1,350,000.00"
Heath Hembree,BOS,RP,"$1,312,500.00",1 (2019),"$1,312,500.00","$1,312,500.00"
Blaine Hardy,DET,RP,"$1,300,000.00",1 (2019),"$1,300,000.00","$1,300,000.00"
Scott Oberg,COL,RP,"$1,300,000.00",1 (2019),"$1,300,000.00","$1,300,000.00"
Brandon Drury,TOR,3B,"$1,300,000.00",1 (2019),"$1,300,000.00","$1,300,000.00"
Ehire Adrianza,MIN,SS,"$1,300,000.00",1 (2019),"$1,300,000.00","$1,300,000.00"
Hunter Strickland,SEA,RP,"$1,300,000.00",1 (2019),"$1,300,000.00","$1,300,000.00"
Jeremy Hellickson,WSH,RP,"$1,300,000.00",1 (2019),"$1,300,000.00","$1,300,000.00"
Daniel Norris,DET,SP,"$1,275,000.00",1 (2019),"$1,275,000.00","$1,275,000.00"
Chaz Roe,TB,RP,"$1,275,000.00",1 (2019),"$1,275,000.00","$1,275,000.00"
Alex Claudio,MIL,RP,"$1,275,000.00",1 (2019),"$1,275,000.00","$1,275,000.00"
Dominic Leone,STL,RP,"$1,260,000.00",1 (2019),"$1,260,000.00","$1,260,000.00"
Tony Sipp,WSH,RP,"$1,250,000.00",1 (2019),"$1,250,000.00","$1,250,000.00"
Nick Hundley,OAK,C,"$1,250,000.00",1 (2019),"$1,250,000.00","$1,250,000.00"
Matt Joyce,ATL,OF,"$1,250,000.00",1 (2019),"$1,250,000.00","$1,250,000.00"
Lucas Duda,KC,1B,"$1,250,000.00",1 (2019),"$1,250,000.00","$1,250,000.00"
Josh Tomlin,ATL,RP,"$1,250,000.00",1 (2019),"$1,250,000.00","$1,250,000.00"
Greg Bird,NYY,1B,"$1,200,000.00",1 (2019),"$1,200,000.00","$1,200,000.00"
Erik Kratz,SF,C,"$1,200,000.00",1 (2019),"$1,200,000.00","$1,200,000.00"
Whit Merrifield,KC,2B,"$1,187,500.00",4 (2019-22),"$16,250,000.00","$4,062,500.00"
Brandon Lowe,TB,2B,"$1,166,666.00",6 (2019-24),"$24,000,000.00","$4,000,000.00"
Travis Jankowski,SD,OF,"$1,165,000.00",1 (2019),"$1,165,000.00","$1,165,000.00"
Brandon Workman,BOS,RP,"$1,150,000.00",1 (2019),"$1,150,000.00","$1,150,000.00"
Melky Cabrera,PIT,LF,"$1,150,000.00",1 (2019),"$1,150,000.00","$1,150,000.00"
Kevin Plawecki,CLE,C,"$1,137,500.00",1 (2019),"$1,137,500.00","$1,137,500.00"
Jose Martinez,STL,LF,"$1,125,000.00",2 (2019-20),"$3,250,000.00","$1,625,000.00"
Adam Conley,MIA,RP,"$1,125,000.00",1 (2019),"$1,125,000.00","$1,125,000.00"
Adam Morgan,PHI,RP,"$1,100,000.00",1 (2019),"$1,100,000.00","$1,100,000.00"
Josh Phegley,OAK,C,"$1,075,000.00",1 (2019),"$1,075,000.00","$1,075,000.00"
Nick Tropeano,LAA,SP,"$1,075,000.00",1 (2019),"$1,075,000.00","$1,075,000.00"
Neil Ramirez,CLE,RP,"$1,000,000.00",1 (2019),"$1,000,000.00","$1,000,000.00"
Brad Miller,CLE,2B,"$1,000,000.00",1 (2019),"$1,000,000.00","$1,000,000.00"
Mark Reynolds,COL,1B,"$1,000,000.00",1 (2019),"$100,000.00","$100,000.00"
Chris Herrmann,OAK,C,"$1,000,000.00",1 (2019),"$1,000,000.00","$1,000,000.00"
Jeanmar Gomez,TEX,RP,"$1,000,000.00",1 (2019),"$1,000,000.00","$1,000,000.00"
Peter Bourjos,LAA,OF,"$1,000,000.00",1 (2019),"$1,000,000.00","$1,000,000.00"
Hanley Ramirez,CLE,DH,"$1,000,000.00",1 (2019),"$1,000,000.00","$1,000,000.00"
Tony Wolters,COL,C,"$960,000.00",1 (2019),"$960,000.00","$960,000.00"
Curt Casali,CIN,C,"$950,000.00",1 (2019),"$950,000.00","$950,000.00"
Matt Andriese,ARI,RP,"$920,000.00",1 (2019),"$920,000.00","$920,000.00"
Blake Swihart,BOS,C,"$910,000.00",1 (2019),"$910,000.00","$910,000.00"
Roenis Elias,SEA,RP,"$910,000.00",1 (2019),"$910,000.00","$910,000.00"
Greg Garcia,SD,2B,"$910,000.00",1 (2019),"$910,000.00","$910,000.00"
John Ryan Murphy,ARI,C,"$900,000.00",1 (2019),"$900,000.00","$900,000.00"
Joe Biagini,TOR,RP,"$900,000.00",1 (2019),"$900,000.00","$900,000.00"
Trevor May,MIN,RP,"$900,000.00",1 (2019),"$900,000.00","$900,000.00"
Marco Gonzales,SEA,SP,"$900,000.00",2 (2019-20),"$1,900,000.00","$950,000.00"
Xavier Cedeno,CHC,RP,"$900,000.00",1 (2019),"$900,000.00","$900,000.00"
Jesus Sucre,BAL,C,"$850,000.00",1 (2019),"$850,000.00","$850,000.00"
Ji-Man Choi,TB,1B,"$850,000.00",1 (2019),"$850,000.00","$850,000.00"
Nate Karns,BAL,RP,"$800,000.00",1 (2019),"$800,000.00","$800,000.00"
Jesse Hahn,KC,SP,"$800,000.00",1 (2019),"$800,000.00","$800,000.00"
Brian Flynn,KC,RP,"$800,000.00",1 (2019),"$800,000.00","$800,000.00"
Guillermo Heredia,TB,OF,"$782,000.00",1 (2019),"$782,000.00","$782,000.00"
Tony Barnette,CHC,RP,"$750,000.00",1 (2019),"$750,000.00","$750,000.00"
Alex Wilson,MIL,RP,"$750,000.00",1 (2019),"$750,000.00","$750,000.00"
Andrew Benintendi,BOS,LF,"$717,500.00",1 (2019),"$717,500.00","$717,500.00"
Yimi Garcia,LAD,RP,"$710,000.00",1 (2019),"$710,000.00","$710,000.00"
Gordon Beckham,DET,2B,"$700,000.00",1 (2019),"$700,000.00","$700,000.00"
J.B. Shuck,PIT,OF,"$700,000.00",1 (2019),"$700,000.00","$700,000.00"
Josh Hader,MIL,RP,"$687,600.00",1 (2019),"$687,600.00","$687,600.00"
Aaron Judge,NYY,RF,"$684,300.00",1 (2019),"$684,300.00","$684,300.00"
Willson Contreras,CHC,C,"$684,000.00",1 (2019),"$684,000.00","$684,000.00"
Niko Goodrum,DET,2B,"$670,500.00",1 (2019),"$670,500.00","$670,500.00"
Gary Sanchez,NYY,C,"$669,800.00",1 (2019),"$669,800.00","$669,800.00"
Shohei Ohtani,LAA,SP,"$650,000.00",1 (2019),"$650,000.00","$650,000.00"
Richard Rodriguez,PIT,RP,"$650,000.00",1 (2019),"$650,000.00","$650,000.00"
Scott Barlow,KC,SP,"$650,000.00",1 (2019),"$650,000.00","$650,000.00"
Terrance Gore,KC,OF,"$650,000.00",1 (2019),"$650,000.00","$650,000.00"
Alex Bregman,HOU,3B,"$640,500.00",1 (2019),"$640,500.00","$640,500.00"
Jesus Aguilar,MIL,1B,"$637,500.00",1 (2019),"$637,500.00","$637,500.00"
Scott Schebler,CIN,CF,"$625,000.00",1 (2019),"$625,000.00","$625,000.00"
Jose Berrios,MIN,SP,"$620,000.00",1 (2019),"$620,000.00","$620,000.00"
Miguel Andujar,NYY,3B,"$617,600.00",1 (2019),"$617,600.00","$617,600.00"
Albert Almora Jr.,CHC,OF,"$615,500.00",1 (2019),"$615,500.00","$615,500.00"
Rafael Devers,BOS,3B,"$614,500.00",1 (2019),"$614,500.00","$614,500.00"
Zac Rosscup,SEA,RP,"$610,000.00",1 (2019),"$610,000.00","$610,000.00"
Zack Godley,ARI,SP,"$609,400.00",1 (2019),"$609,400.00","$609,400.00"
Edwin Diaz,NYM,RP,"$607,425.00",1 (2019),"$607,425.00","$607,425.00"
Joey Gallo,TEX,LF,"$605,500.00",1 (2019),"$605,500.00","$605,500.00"
Gleyber Torres,NYY,2B,"$605,200.00",1 (2019),"$605,200.00","$605,200.00"
Cody Bellinger,LAD,RF,"$605,000.00",1 (2019),"$605,000.00","$605,000.00"
Chad Green,NYY,RP,"$598,650.00",1 (2019),"$598,650.00","$598,650.00"
Brandon Nimmo,NYM,LF,"$598,285.00",1 (2019),"$598,285.00","$598,285.00"
Nick Pivetta,PHI,SP,"$598,000.00",1 (2019),"$598,000.00","$598,000.00"
Jordan Montgomery,NYY,SP,"$596,600.00",1 (2019),"$596,600.00","$596,600.00"
Ross Stripling,LAD,SP,"$595,000.00",1 (2019),"$595,000.00","$595,000.00"
Justin Miller,WSH,RP,"$593,200.00",1 (2019),"$593,200.00","$593,200.00"
Mike Clevinger,CLE,SP,"$592,200.00",1 (2019),"$592,200.00","$592,200.00"
Seth Lugo,NYM,RP,"$591,875.00",1 (2019),"$591,875.00","$591,875.00"
Max Stassi,HOU,C,"$590,100.00",1 (2019),"$590,100.00","$590,100.00"
Mitch Haniger,SEA,LF,"$590,100.00",1 (2019),"$590,100.00","$590,100.00"
Zach Eflin,PHI,SP,"$590,000.00",1 (2019),"$590,000.00","$590,000.00"
Jameson Taillon,PIT,SP,"$587,500.00",1 (2019),"$587,500.00","$587,500.00"
Josh Bell,PIT,1B,"$587,000.00",1 (2019),"$587,000.00","$587,000.00"
Brian Anderson,MIA,3B,"$585,000.00",1 (2019),"$585,000.00","$585,000.00"
Dansby Swanson,ATL,SS,"$585,000.00",1 (2019),"$585,000.00","$585,000.00"
Luke Jackson,ATL,RP,"$585,000.00",1 (2019),"$585,000.00","$585,000.00"
Adam Frazier,PIT,2B,"$584,000.00",1 (2019),"$584,000.00","$584,000.00"
Trevor Williams,PIT,SP,"$584,000.00",1 (2019),"$584,000.00","$584,000.00"
Tony Kemp,HOU,LF,"$583,600.00",1 (2019),"$583,600.00","$583,600.00"
Brian Goodwin,LAA,LF,"$583,500.00",1 (2019),"$583,500.00","$583,500.00"
Tyler White,HOU,1B,"$582,900.00",1 (2019),"$582,900.00","$582,900.00"
Robert Gsellman,NYM,RP,"$582,500.00",1 (2019),"$582,500.00","$582,500.00"
Joe Musgrove,PIT,SP,"$582,500.00",1 (2019),"$582,500.00","$582,500.00"
Hunter Renfroe,SD,RF,"$582,100.00",1 (2019),"$582,100.00","$582,100.00"
Matt Strahm,SD,SP,"$581,700.00",1 (2019),"$581,700.00","$581,700.00"
Kyle Crick,PIT,RP,"$581,500.00",1 (2019),"$581,500.00","$581,500.00"
Edgar Santana,PIT,RP,"$581,500.00",1 (2019),"$581,500.00","$581,500.00"
Luke Weaver,ARI,SP,"$581,300.00",1 (2019),"$581,300.00","$581,300.00"
Omar Narvaez,SEA,C,"$581,200.00",1 (2019),"$581,200.00","$581,200.00"
Wilmer Difo,WSH,2B,"$581,100.00",1 (2019),"$581,100.00","$581,100.00"
Jonathan Holder,NYY,RP,"$580,300.00",1 (2019),"$580,300.00","$580,300.00"
Matt Chapman,OAK,3B,"$580,000.00",1 (2019),"$580,000.00","$580,000.00"
Jesse Winker,CIN,LF,"$580,000.00",1 (2019),"$580,000.00","$580,000.00"
Reynaldo Lopez,CWS,SP,"$580,000.00",1 (2019),"$580,000.00","$580,000.00"
Ryon Healy,SEA,3B,"$579,800.00",1 (2019),"$579,800.00","$579,800.00"
Colin Moran,PIT,3B,"$579,500.00",1 (2019),"$579,500.00","$579,500.00"
Sam Gaviglio,TOR,RP,"$579,500.00",1 (2019),"$579,500.00","$579,500.00"
Luke Maile,TOR,C,"$579,000.00",1 (2019),"$579,000.00","$579,000.00"
Luis Cessa,NYY,SP,"$578,975.00",1 (2019),"$578,975.00","$578,975.00"
Teoscar Hernandez,TOR,LF,"$578,600.00",1 (2019),"$578,600.00","$578,600.00"
Elias Diaz,PIT,C,"$578,500.00",1 (2019),"$578,500.00","$578,500.00"
Mallex Smith,SEA,CF,"$578,400.00",1 (2019),"$578,400.00","$578,400.00"
Harrison Bader,STL,CF,"$578,300.00",1 (2019),"$578,300.00","$578,300.00"
Juan Soto,WSH,LF,"$578,300.00",1 (2019),"$578,300.00","$578,300.00"
Jakob Junis,KC,SP,"$578,250.00",1 (2019),"$578,250.00","$578,250.00"
Kevin McCarthy,KC,RP,"$578,250.00",1 (2019),"$578,250.00","$578,250.00"
Brad Keller,KC,SP,"$578,175.00",1 (2019),"$578,175.00","$578,175.00"
Hanser Alberto,BAL,3B,"$578,000.00",1 (2019),"$578,000.00","$578,000.00"
Chad Kuhl,PIT,SP,"$578,000.00",1 (2019),"$578,000.00","$578,000.00"
Domingo German,NYY,RP,"$577,500.00",1 (2019),"$577,500.00","$577,500.00"
Ryan Brasier,BOS,RP,"$577,500.00",1 (2019),"$577,500.00","$577,500.00"
Manuel Margot,SD,CF,"$577,100.00",1 (2019),"$577,100.00","$577,100.00"
Erik Gonzalez,PIT,SS,"$577,000.00",1 (2019),"$577,000.00","$577,000.00"
Matt Grace,WSH,RP,"$576,400.00",1 (2019),"$576,400.00","$576,400.00"
Adalberto Mondesi,KC,SS,"$576,000.00",1 (2019),"$576,000.00","$576,000.00"
Amed Rosario,NYM,SS,"$575,500.00",1 (2019),"$575,500.00","$575,500.00"
Trey Mancini,BAL,LF,"$575,500.00",1 (2019),"$575,500.00","$575,500.00"
Ozzie Albies,ATL,2B,"$575,000.00",1 (2019),"$575,000.00","$575,000.00"
Jesse Biddle,ATL,RP,"$575,000.00",1 (2019),"$575,000.00","$575,000.00"
Rhys Hoskins,PHI,1B,"$575,000.00",1 (2019),"$575,000.00","$575,000.00"
Johan Camargo,ATL,3B,"$575,000.00",0 (2019),"$575,000.00",$NaN
Sean Newcomb,ATL,SP,"$575,000.00",1 (2019),"$575,000.00","$575,000.00"
Shane Carle,ATL,RP,"$575,000.00",1 (2019),"$575,000.00","$575,000.00"
A.J. Minter,ATL,RP,"$575,000.00",1 (2019),"$575,000.00","$575,000.00"
Brian Johnson,BOS,RP,"$575,000.00",1 (2019),"$575,000.00","$575,000.00"
Kendall Graveman,CHC,SP,"$575,000.00",1 (2019),"$575,000.00","$575,000.00"
Yoan Moncada,CWS,3B,"$575,000.00",1 (2019),"$575,000.00","$575,000.00"
Max Muncy,LAD,1B,"$575,000.00",1 (2019),"$575,000.00","$575,000.00"
Austin Barnes,LAD,C,"$575,000.00",1 (2019),"$575,000.00","$575,000.00"
Scott Alexander,LAD,RP,"$575,000.00",1 (2019),"$575,000.00","$575,000.00"
Drew Steckenrider,MIA,RP,"$575,000.00",1 (2019),"$575,000.00","$575,000.00"
Mitch Garver,MIN,C,"$575,000.00",1 (2019),"$575,000.00","$575,000.00"
Nick Williams,PHI,RF,"$575,000.00",1 (2019),"$575,000.00","$575,000.00"
Brandon Brennan,SEA,RP,"$575,000.00",1 (2019),"$575,000.00","$575,000.00"
Luke Bard,LAA,RP,"$575,000.00",1 (2019),"$575,000.00","$575,000.00"
Matt Olson,OAK,1B,"$575,000.00",1 (2019),"$575,000.00","$575,000.00"
Tyler Naquin,CLE,RF,"$574,800.00",1 (2019),"$574,800.00","$574,800.00"
Silvino Bracho,ARI,RP,"$574,600.00",1 (2019),"$574,600.00","$574,600.00"
Steven Brault,PIT,RP,"$574,500.00",1 (2019),"$574,500.00","$574,500.00"
Mikie Mahtook,DET,CF,"$574,500.00",1 (2019),"$574,500.00","$574,500.00"
Edubray Ramos,PHI,RP,"$573,500.00",1 (2019),"$573,500.00","$573,500.00"
Jose Osuna,PIT,1B,"$573,500.00",1 (2019),"$573,500.00","$573,500.00"
Luke Voit,NYY,1B,"$573,200.00",1 (2019),"$573,200.00","$573,200.00"
Tim Hill,KC,RP,"$573,175.00",1 (2019),"$573,175.00","$573,175.00"
Lucas Giolito,CWS,SP,"$573,000.00",1 (2019),"$573,000.00","$573,000.00"
Richard Bleier,BAL,RP,"$572,500.00",1 (2019),"$572,500.00","$572,500.00"
Kevan Smith,LAA,C,"$572,500.00",1 (2019),"$572,500.00","$572,500.00"
Jake Cave,MIN,OF,"$572,500.00",1 (2019),"$572,500.00","$572,500.00"
Trevor Hildenberger,MIN,RP,"$572,500.00",1 (2019),"$572,500.00","$572,500.00"
Keon Broxton,NYM,CF,"$571,765.00",1 (2019),"$571,765.00","$571,765.00"
John Gant,STL,SP,"$571,300.00",1 (2019),"$571,300.00","$571,300.00"
Adam Engel,CWS,CF,"$571,000.00",1 (2019),"$571,000.00","$571,000.00"
Dylan Covey,CWS,RP,"$571,000.00",1 (2019),"$571,000.00","$571,000.00"
Buck Farmer,DET,RP,"$570,800.00",1 (2019),"$570,800.00","$570,800.00"
Jose Alvarado,TB,RP,"$570,600.00",1 (2019),"$570,600.00","$570,600.00"
Max Moroff,CLE,2B,"$570,500.00",1 (2019),"$570,500.00","$570,500.00"
Franmil Reyes,SD,RF,"$570,500.00",1 (2019),"$570,500.00","$570,500.00"
Joey Wendle,TB,3B,"$570,400.00",1 (2019),"$570,400.00","$570,400.00"
Daniel R. Robertson,TB,2B,"$570,300.00",1 (2019),"$570,300.00","$570,300.00"
Jorge Alfaro,MIA,C,"$570,000.00",1 (2019),"$570,000.00","$570,000.00"
Walker Buehler,LAD,SP,"$570,000.00",1 (2019),"$570,000.00","$570,000.00"
Joey Rickard,BAL,RF,"$570,000.00",1 (2019),"$570,000.00","$570,000.00"
Tyler Mahle,CIN,SP,"$570,000.00",1 (2019),"$570,000.00","$570,000.00"
Wandy Peralta,CIN,RP,"$570,000.00",1 (2019),"$570,000.00","$570,000.00"
Lewis Brinson,MIA,CF,"$570,000.00",1 (2019),"$570,000.00","$570,000.00"
Trevor Richards,MIA,SP,"$570,000.00",1 (2019),"$570,000.00","$570,000.00"
Ronald Guzman,TEX,1B,"$569,500.00",1 (2019),"$569,500.00","$569,500.00"
Victor Caratini,CHC,C,"$569,500.00",1 (2019),"$569,500.00","$569,500.00"
Isiah Kiner-Falefa,TEX,C,"$569,500.00",1 (2019),"$569,500.00","$569,500.00"
John Brebbia,STL,RP,"$569,300.00",1 (2019),"$569,300.00","$569,300.00"
Joe Jimenez,DET,RP,"$569,200.00",1 (2019),"$569,200.00","$569,200.00"
Miguel Castro,BAL,RP,"$569,000.00",1 (2019),"$569,000.00","$569,000.00"
Jace Fry,CWS,RP,"$569,000.00",1 (2019),"$569,000.00","$569,000.00"
Felix Pena,LAA,SP,"$569,000.00",1 (2019),"$569,000.00","$569,000.00"
Noe Ramirez,LAA,RP,"$569,000.00",1 (2019),"$569,000.00","$569,000.00"
Nick Kingham,PIT,RP,"$569,000.00",1 (2019),"$569,000.00","$569,000.00"
Dovydas Neverauskas,PIT,RP,"$569,000.00",1 (2019),"$569,000.00","$569,000.00"
Tyler Austin,MIN,1B,"$568,600.00",1 (2019),"$568,600.00","$568,600.00"
Sam Tuivailala,SEA,RP,"$568,600.00",1 (2019),"$568,600.00","$568,600.00"
Hector Velazquez,BOS,RP,"$568,500.00",1 (2019),"$568,500.00","$568,500.00"
Brent Suter,MIL,SP,"$568,300.00",1 (2019),"$568,300.00","$568,300.00"
Tim Mayza,TOR,RP,"$568,300.00",1 (2019),"$568,300.00","$568,300.00"
Eric Skoglund,KC,SP,"$568,175.00",1 (2019),"$568,175.00","$568,175.00"
Jeff McNeil,NYM,3B,"$567,714.00",1 (2019),"$567,714.00","$567,714.00"
Ben Gamel,MIL,OF,"$567,700.00",1 (2019),"$567,700.00","$567,700.00"
Matt Koch,ARI,RP,"$567,600.00",1 (2019),"$567,600.00","$567,600.00"
Jacob Barnes,MIL,RP,"$567,600.00",1 (2019),"$567,600.00","$567,600.00"
Amir Garrett,CIN,RP,"$567,500.00",1 (2019),"$567,500.00","$567,500.00"
Mike Wright,BAL,SP,"$567,500.00",1 (2019),"$567,500.00","$567,500.00"
Reyes Moronta,SF,RP,"$567,500.00",1 (2019),"$567,500.00","$567,500.00"
Chris Stratton,LAA,SP,"$567,500.00",1 (2019),"$567,500.00","$567,500.00"
Trevor Gott,SF,RP,"$567,500.00",1 (2019),"$567,500.00","$567,500.00"
Drew VerHagen,DET,RP,"$567,400.00",1 (2019),"$567,400.00","$567,400.00"
Hunter Dozier,KC,3B,"$567,225.00",1 (2019),"$567,225.00","$567,225.00"
JaCoby Jones,DET,CF,"$567,100.00",1 (2019),"$567,100.00","$567,100.00"
John Hicks,DET,C,"$567,100.00",1 (2019),"$567,100.00","$567,100.00"
Daniel Palka,CWS,OF,"$567,000.00",1 (2019),"$567,000.00","$567,000.00"
Josh James,HOU,RP,"$566,800.00",1 (2019),"$566,800.00","$566,800.00"
Tyler Glasnow,TB,SP,"$566,700.00",1 (2019),"$566,700.00","$566,700.00"
Dinelson Lamet,SD,SP,"$566,700.00",1 (2019),"$566,700.00","$566,700.00"
Framber Valdez,HOU,RP,"$566,600.00",1 (2019),"$566,600.00","$566,600.00"
Daniel Stumpf,DET,RP,"$566,600.00",1 (2019),"$566,600.00","$566,600.00"
Orlando Arcia,MIL,SS,"$565,700.00",1 (2019),"$565,700.00","$565,700.00"
Pablo Reyes,PIT,OF,"$565,500.00",1 (2019),"$565,500.00","$565,500.00"
Ryan Borucki,TOR,SP,"$565,200.00",1 (2019),"$565,200.00","$565,200.00"
Joey Lucchesi,SD,SP,"$565,100.00",1 (2019),"$565,100.00","$565,100.00"
Dylan Moore,SEA,3B,"$565,000.00",1 (2019),"$565,000.00","$565,000.00"
Dylan Floro,LAD,RP,"$565,000.00",1 (2019),"$565,000.00","$565,000.00"
Max Fried,ATL,RP,"$565,000.00",1 (2019),"$565,000.00","$565,000.00"
German Marquez,COL,SP,"$565,000.00",1 (2019),"$565,000.00","$565,000.00"
Julio Urias,LAD,SP,"$565,000.00",1 (2019),"$565,000.00","$565,000.00"
Bryse Wilson,ATL,SP,"$565,000.00",1 (2019),"$565,000.00","$565,000.00"
Kyle Wright,ATL,SP,"$565,000.00",1 (2019),"$565,000.00","$565,000.00"
Chad Sobotka,ATL,RP,"$565,000.00",1 (2019),"$565,000.00","$565,000.00"
Wes Parsons,ATL,RP,"$565,000.00",1 (2019),"$565,000.00","$565,000.00"
Kyle Freeland,COL,SP,"$565,000.00",1 (2019),"$565,000.00","$565,000.00"
Chad Pinder,OAK,1B,"$565,000.00",1 (2019),"$565,000.00","$565,000.00"
Tayron Guerrero,MIA,RP,"$565,000.00",1 (2019),"$565,000.00","$565,000.00"
Jharel Cotton,OAK,SP,"$565,000.00",1 (2019),"$565,000.00","$565,000.00"
Andrew Knapp,PHI,C,"$565,000.00",1 (2019),"$565,000.00","$565,000.00"
Chris Bassitt,OAK,RP,"$565,000.00",1 (2019),"$565,000.00","$565,000.00"
Brock Stewart,LAD,RP,"$565,000.00",1 (2019),"$565,000.00","$565,000.00"
Robert Stephenson,CIN,SP,"$565,000.00",0 (2019),"$565,000.00",$NaN
Alex Reyes,STL,SP,"$564,600.00",1 (2019),"$564,600.00","$564,600.00"
Freddy Peralta,MIL,SP,"$564,600.00",1 (2019),"$564,600.00","$564,600.00"
Jordan Luplow,CLE,OF,"$564,500.00",1 (2019),"$564,500.00","$564,500.00"
Koda Glover,WSH,RP,"$564,300.00",1 (2019),"$564,300.00","$564,300.00"
Ryne Stanek,TB,RP,"$564,200.00",1 (2019),"$564,200.00","$564,200.00"
Drew Robinson,STL,3B,"$564,100.00",1 (2019),"$564,100.00","$564,100.00"
Marco Hernandez,BOS,3B,"$564,000.00",1 (2019),"$564,000.00","$564,000.00"
Seranthony Dominguez,PHI,RP,"$564,000.00",1 (2019),"$564,000.00","$564,000.00"
Jacob Stallings,PIT,C,"$564,000.00",1 (2019),"$564,000.00","$564,000.00"
Tyler O'Neill,STL,OF,"$564,000.00",1 (2019),"$564,000.00","$564,000.00"
Randy Rosario,CHC,RP,"$564,000.00",1 (2019),"$564,000.00","$564,000.00"
Adam Cimber,CLE,RP,"$563,800.00",1 (2019),"$563,800.00","$563,800.00"
Taylor Williams,MIL,RP,"$563,800.00",1 (2019),"$563,800.00","$563,800.00"
Mike Mayers,STL,RP,"$563,700.00",1 (2019),"$563,700.00","$563,700.00"
Pedro Severino,BAL,C,"$563,500.00",1 (2019),"$563,500.00","$563,500.00"
David Hess,BAL,SP,"$563,500.00",1 (2019),"$563,500.00","$563,500.00"
Keynan Middleton,LAA,RP,"$563,500.00",1 (2019),"$563,500.00","$563,500.00"
Ryan Yarbrough,TB,SP,"$563,400.00",1 (2019),"$563,400.00","$563,400.00"
Phil Maton,SD,RP,"$562,900.00",1 (2019),"$562,900.00","$562,900.00"
Corbin Burnes,MIL,SP,"$562,800.00",1 (2019),"$562,800.00","$562,800.00"
Dalton Pompey,TOR,OF,"$562,800.00",1 (2019),"$562,800.00","$562,800.00"
Eric Lauer,SD,SP,"$562,500.00",1 (2019),"$562,500.00","$562,500.00"
Wander Suero,WSH,RP,"$562,500.00",1 (2019),"$562,500.00","$562,500.00"
Willy Adames,TB,SS,"$562,400.00",1 (2019),"$562,400.00","$562,400.00"
Chasen Bradford,SEA,RP,"$562,300.00",1 (2019),"$562,300.00","$562,300.00"
Jorge Lopez,KC,SP,"$562,250.00",1 (2019),"$562,250.00","$562,250.00"
Jack Flaherty,STL,SP,"$562,100.00",1 (2019),"$562,100.00","$562,100.00"
Renato Nunez,BAL,3B,"$562,000.00",1 (2019),"$562,000.00","$562,000.00"
Yairo Munoz,STL,SS,"$562,000.00",1 (2019),"$562,000.00","$562,000.00"
Richard Urena,TOR,SS,"$562,000.00",1 (2019),"$562,000.00","$562,000.00"
Yonny Chirinos,TB,SP,"$561,800.00",1 (2019),"$561,800.00","$561,800.00"
David Bote,CHC,3B,"$561,500.00",1 (2019),"$561,500.00","$561,500.00"
David Fletcher,LAA,SS,"$561,500.00",1 (2019),"$561,500.00","$561,500.00"
Justin Anderson,LAA,RP,"$561,500.00",1 (2019),"$561,500.00","$561,500.00"
Diego Castillo,TB,RP,"$561,500.00",1 (2019),"$561,500.00","$561,500.00"
J.D. Davis,NYM,3B,"$561,420.00",1 (2019),"$561,420.00","$561,420.00"
Brandon Woodruff,MIL,SP,"$561,400.00",1 (2019),"$561,400.00","$561,400.00"
Dereck Rodriguez,SF,SP,"$561,250.00",1 (2019),"$561,250.00","$561,250.00"
Bradley Zimmer,CLE,CF,"$561,200.00",1 (2019),"$561,200.00","$561,200.00"
Socrates Brito,SD,RF,"$561,000.00",1 (2019),"$561,000.00","$561,000.00"
Tyler Olson,CLE,RP,"$560,900.00",1 (2019),"$560,900.00","$560,900.00"
Adam Kolarek,TB,RP,"$560,800.00",1 (2019),"$560,800.00","$560,800.00"
Jake Bauers,CLE,LF,"$560,400.00",1 (2019),"$560,400.00","$560,400.00"
Greg Allen,CLE,OF,"$560,400.00",1 (2019),"$560,400.00","$560,400.00"
Miguel Diaz,SD,RP,"$560,400.00",1 (2019),"$560,400.00","$560,400.00"
Wilmer Font,TB,RP,"$560,400.00",1 (2019),"$560,400.00","$560,400.00"
Jose Castillo,SD,RP,"$560,300.00",1 (2019),"$560,300.00","$560,300.00"
Franchy Cordero,SD,CF,"$560,100.00",1 (2019),"$560,100.00","$560,100.00"
Dwight Smith Jr.,BAL,OF,"$560,100.00",1 (2019),"$560,100.00","$560,100.00"
Thomas Pannone,TOR,RP,"$560,100.00",1 (2019),"$560,100.00","$560,100.00"
Ronald Acuna Jr.,ATL,LF,"$560,000.00",1 (2019),"$560,000.00","$560,000.00"
Carson Kelly,ARI,C,"$560,000.00",1 (2019),"$560,000.00","$560,000.00"
David Dahl,COL,LF,"$560,000.00",1 (2019),"$560,000.00","$560,000.00"
Ryan McMahon,COL,2B,"$560,000.00",1 (2019),"$560,000.00","$560,000.00"
Raimel Tapia,COL,OF,"$560,000.00",1 (2019),"$560,000.00","$560,000.00"
Antonio Senzatela,COL,SP,"$560,000.00",1 (2019),"$560,000.00","$560,000.00"
Jose Rondon,CWS,SS,"$560,000.00",1 (2019),"$560,000.00","$560,000.00"
Alex Verdugo,LAD,OF,"$560,000.00",1 (2019),"$560,000.00","$560,000.00"
Caleb Ferguson,LAD,RP,"$560,000.00",1 (2019),"$560,000.00","$560,000.00"
JT Riddle,MIA,SS,"$560,000.00",1 (2019),"$560,000.00","$560,000.00"
Rosell Herrera,MIA,OF,"$560,000.00",1 (2019),"$560,000.00","$560,000.00"
Willians Astudillo,MIN,C,"$560,000.00",1 (2019),"$560,000.00","$560,000.00"
Adalberto Mejia,MIN,RP,"$560,000.00",1 (2019),"$560,000.00","$560,000.00"
Matt Magill,MIN,RP,"$560,000.00",1 (2019),"$560,000.00","$560,000.00"
Gabriel Moya,MIN,RP,"$560,000.00",1 (2019),"$560,000.00","$560,000.00"
Daniel Gossett,OAK,SP,"$560,000.00",1 (2019),"$560,000.00","$560,000.00"
Frankie Montas,OAK,SP,"$560,000.00",1 (2019),"$560,000.00","$560,000.00"
Aaron Brooks,OAK,SP,"$560,000.00",1 (2019),"$560,000.00","$560,000.00"
Robert Stock,SD,RP,"$559,900.00",1 (2019),"$559,500.00","$559,500.00"
Christian Walker,ARI,1B,"$559,800.00",1 (2019),"$559,800.00","$559,800.00"
Shane Bieber,CLE,SP,"$559,600.00",1 (2019),"$559,600.00","$559,600.00"
Billy McKinney,TOR,OF,"$559,400.00",1 (2019),"$559,400.00","$559,400.00"
Dominic Smith,NYM,1B,"$559,320.00",1 (2019),"$559,320.00","$559,320.00"
Nick Rumbelow,SEA,RP,"$559,300.00",1 (2019),"$559,300.00","$559,300.00"
Shawn Armstrong,SEA,RP,"$559,100.00",1 (2019),"$559,100.00","$559,100.00"
Dakota Hudson,STL,SP,"$559,100.00",1 (2019),"$559,100.00","$559,100.00"
Victor Alcantara,DET,RP,"$559,100.00",1 (2019),"$559,100.00","$559,100.00"
Andrew Stevenson,WSH,OF,"$559,100.00",1 (2019),"$559,100.00","$559,100.00"
Paul Fry,BAL,RP,"$559,000.00",1 (2019),"$559,000.00","$559,000.00"
Jimmy Yacabonis,BAL,RP,"$559,000.00",1 (2019),"$559,000.00","$559,000.00"
Manny Banuelos,CWS,RP,"$559,000.00",1 (2019),"$559,000.00","$559,000.00"
Roman Quinn,PHI,OF,"$559,000.00",1 (2019),"$559,000.00","$559,000.00"
Nick Burdi,PIT,RP,"$559,000.00",1 (2019),"$559,000.00","$559,000.00"
Danny Jansen,TOR,C,"$558,700.00",1 (2019),"$558,700.00","$558,700.00"
Grayson Greiner,DET,C,"$558,600.00",1 (2019),"$558,600.00","$558,600.00"
Daniel Vogelbach,SEA,1B,"$558,600.00",1 (2019),"$558,600.00","$558,600.00"
Rio Ruiz,BAL,3B,"$558,500.00",1 (2019),"$558,500.00","$558,500.00"
Sam Travis,BOS,1B,"$558,500.00",1 (2019),"$558,500.00","$558,500.00"
David Freitas,SEA,C,"$558,500.00",1 (2019),"$558,500.00","$558,500.00"
Bobby Wahl,MIL,RP,"$558,400.00",0 (2019),"$558,400.00",$NaN
Yandy Diaz,TB,3B,"$558,400.00",1 (2019),"$558,400.00","$558,400.00"
Steven Duggar,SF,CF,"$558,125.00",1 (2019),"$558,125.00","$558,125.00"
Austin Wynns,BAL,C,"$558,000.00",1 (2019),"$558,000.00","$558,000.00"
Jose De Leon,TB,RP,"$558,000.00",1 (2019),"$558,000.00","$558,000.00"
Yohander Mendez,TEX,SP,"$558,000.00",1 (2019),"$558,000.00","$558,000.00"
Luke Farrell,TEX,RP,"$558,000.00",1 (2019),"$558,000.00","$558,000.00"
Victor Robles,WSH,CF,"$557,800.00",1 (2019),"$557,800.00","$557,800.00"
Ryan O'Hearn,KC,1B,"$557,650.00",1 (2019),"$557,650.00","$557,650.00"
Cedric Mullins,BAL,CF,"$557,500.00",1 (2019),"$557,500.00","$557,500.00"
Kyle Farmer,CIN,C,"$557,500.00",1 (2019),"$557,500.00","$557,500.00"
Alex Blandino,CIN,3B,"$557,500.00",1 (2019),"$557,500.00","$557,500.00"
Taylor Cole,LAA,RP,"$557,500.00",1 (2019),"$557,500.00","$557,500.00"
Drew Smith,NYM,RP,"$557,500.00",1 (2019),"$557,500.00","$557,500.00"
Nick Martini,OAK,OF,"$557,500.00",1 (2019),"$557,500.00","$557,500.00"
Lou Trivino,OAK,RP,"$557,500.00",1 (2019),"$557,500.00","$557,500.00"
J.B. Wendelken,OAK,RP,"$557,500.00",1 (2019),"$557,500.00","$557,500.00"
Ramon Laureano,OAK,CF,"$557,500.00",1 (2019),"$557,500.00","$557,500.00"
Kevin Newman,PIT,SS,"$557,500.00",1 (2019),"$557,500.00","$557,500.00"
Michael Reed,SF,RF,"$557,500.00",1 (2019),"$557,500.00","$557,500.00"
Austin Meadows,TB,RF,"$557,400.00",1 (2019),"$557,400.00","$557,400.00"
Stephen Tarpley,NYY,RP,"$557,250.00",1 (2019),"$557,250.00","$557,250.00"
Ty Buttrey,LAA,RP,"$557,250.00",1 (2019),"$557,250.00","$557,250.00"
Trey Wingenter,SD,RP,"$557,200.00",1 (2019),"$557,200.00","$557,200.00"
Cam Gallagher,KC,C,"$557,125.00",1 (2019),"$557,125.00","$557,125.00"
Pedro Araujo,BAL,RP,"$557,000.00",1 (2019),"$557,000.00","$557,000.00"
Colten Brewer,BOS,RP,"$557,000.00",1 (2019),"$557,000.00","$557,000.00"
Garrett Hampson,COL,2B,"$557,000.00",1 (2019),"$557,000.00","$557,000.00"
DJ Johnson,COL,RP,"$557,000.00",1 (2019),"$557,000.00","$557,000.00"
Harrison Musgrave,COL,RP,"$557,000.00",1 (2019),"$557,000.00","$557,000.00"
Mike Tauchman,NYY,OF,"$557,000.00",1 (2019),"$557,000.00","$557,000.00"
Jeffrey Springs,TEX,RP,"$557,000.00",1 (2019),"$557,000.00","$557,000.00"
Yoan Lopez,ARI,RP,"$556,900.00",1 (2019),"$556,900.00","$556,900.00"
Jacob Nix,SD,SP,"$556,800.00",1 (2019),"$556,800.00","$556,800.00"
Anthony Banda,TB,SP,"$556,800.00",1 (2019),"$556,800.00","$556,800.00"
Michael Perez,TB,C,"$556,700.00",1 (2019),"$556,700.00","$556,700.00"
Mark Zagunis,CHC,RF,"$556,500.00",1 (2019),"$556,500.00","$556,500.00"
Caleb Smith,MIA,SP,"$556,500.00",1 (2019),"$556,500.00","$556,500.00"
Jalen Beeks,TB,RP,"$556,500.00",1 (2019),"$556,500.00","$556,500.00"
Jonathan Davis,TOR,OF,"$556,500.00",1 (2019),"$556,500.00","$556,500.00"
Michael Hermosillo,LAA,OF,"$556,500.00",1 (2019),"$556,500.00","$556,500.00"
Christin Stewart,DET,LF,"$556,400.00",1 (2019),"$556,400.00","$556,400.00"
Francisco Mejia,SD,C,"$556,300.00",1 (2019),"$556,300.00","$556,300.00"
Tomas Nido,NYM,C,"$556,300.00",1 (2019),"$556,300.00","$556,300.00"
Spencer Turnbull,DET,SP,"$556,100.00",1 (2019),"$556,100.00","$556,100.00"
Ryan Burr,CWS,RP,"$556,000.00",1 (2019),"$556,000.00","$556,000.00"
Ian Hamilton,CWS,RP,"$556,000.00",1 (2019),"$556,000.00","$556,000.00"
Brett Kennedy,SD,SP,"$556,000.00",1 (2019),"$556,000.00","$556,000.00"
Luis Guillorme,NYM,2B,"$555,960.00",1 (2019),"$555,960.00","$555,960.00"
Jon Edwards,CLE,RP,"$555,900.00",1 (2019),"$555,900.00","$555,900.00"
John Means,BAL,RP,"$555,500.00",1 (2019),"$555,500.00","$555,500.00"
Matt Festa,SEA,RP,"$555,500.00",1 (2019),"$555,500.00","$555,500.00"
Trevor Oaks,KC,RP,"$555,350.00",0 (2019),"$555,350.00",$NaN
Gerson Bautista,SEA,RP,"$555,200.00",1 (2019),"$555,200.00","$555,200.00"
Justin Williams,STL,OF,"$555,100.00",0 (2019),"$555,100.00",$NaN
Troy Tulowitzki,NYY,SS,"$555,000.00",1 (2019),"$555,000.00","$555,000.00"
Jordan Hicks,STL,RP,"$555,000.00",1 (2019),"$555,000.00","$555,000.00"
Chris Paddack,SD,SP,"$555,000.00",1 (2019),"$555,000.00","$555,000.00"
Richie Martin,BAL,SS,"$555,000.00",1 (2019),"$555,000.00","$555,000.00"
Michael Kopech,CWS,SP,"$555,000.00",1 (2019),"$555,000.00","$555,000.00"
Drew Jackson,BAL,SS,"$555,000.00",1 (2019),"$555,000.00","$555,000.00"
Eric Stamets,CLE,SS,"$555,000.00",1 (2019),"$555,000.00","$555,000.00"
Caleb Frare,CWS,RP,"$555,000.00",1 (2019),"$555,000.00","$555,000.00"
Kyle Zimmer,KC,RP,"$555,000.00",1 (2019),"$555,000.00","$555,000.00"
Chris Ellis,KC,RP,"$555,000.00",1 (2019),"$555,000.00","$555,000.00"
Ben Heller,NYY,RP,"$555,000.00",1 (2019),"$555,000.00","$555,000.00"
Garrett Cooper,MIA,RF,"$555,000.00",1 (2019),"$555,000.00","$555,000.00"
Chad Wallach,MIA,C,"$555,000.00",1 (2019),"$555,000.00","$555,000.00"
Pablo Lopez,MIA,SP,"$555,000.00",1 (2019),"$555,000.00","$555,000.00"
Sandy Alcantara,MIA,SP,"$555,000.00",1 (2019),"$555,000.00","$555,000.00"
Tyler Kinley,MIA,RP,"$555,000.00",1 (2019),"$555,000.00","$555,000.00"
Nick Anderson,MIA,RP,"$555,000.00",1 (2019),"$555,000.00","$555,000.00"
Austin Brice,MIA,RP,"$555,000.00",1 (2019),"$555,000.00","$555,000.00"
Julian Fernandez,MIA,RP,"$555,000.00",1 (2019),"$555,000.00","$555,000.00"
Riley Ferrell,MIA,RP,"$555,000.00",1 (2019),"$555,000.00","$555,000.00"
Reed Garrett,DET,RP,"$555,000.00",1 (2019),"$555,000.00","$555,000.00"
Gregory Soto,DET,RP,"$555,000.00",1 (2019),"$555,000.00","$555,000.00"
Travis Bergen,SF,RP,"$555,000.00",1 (2019),"$555,000.00","$555,000.00"
Connor Joe,SF,3B,"$555,000.00",1 (2019),"$555,000.00","$555,000.00"
Scott Heineman,TEX,OF,"$555,000.00",1 (2019),"$555,000.00","$555,000.00"
Trent Thornton,TOR,SP,"$555,000.00",1 (2019),"$555,000.00","$555,000.00"
Elvis Luciano,TOR,RP,"$555,000.00",1 (2019),"$555,000.00","$555,000.00"
Kyle Dowdy,TEX,RP,"$555,000.00",1 (2019),"$555,000.00","$555,000.00"
Ryan Cordell,CWS,OF,"$555,000.00",1 (2019),"$555,000.00","$555,000.00"
Kyle Bird,TEX,RP,"$555,000.00",1 (2019),"$555,000.00","$555,000.00"
Javy Guerra,TOR,RP,"$555,000.00",1 (2019),"$555,000.00","$555,000.00"
Fernando Tatis Jr.,SD,SS,"$555,000.00",1 (2019),"$555,000.00","$555,000.00"
Dustin Peterson,DET,OF,"$555,000.00",1 (2019),"$555,000.00","$555,000.00"
Pete Alonso,NYM,1B,"$555,000.00",1 (2019),"$555,000.00","$555,000.00"
Tim Peterson,NYM,RP,"$555,000.00",1 (2019),"$555,000.00","$555,000.00"
Jake Noll,WSH,2B,"$555,000.00",1 (2019),"$555,000.00","$555,000.00"
Frank Schwindel,KC,1B,"$555,000.00",1 (2019),"$555,000.00","$555,000.00"
Nick Vincent,SF,RP,"$555,000.00",1 (2019),"$555,000.00","$555,000.00"
Rowdy Tellez,TOR,1B,"$555,000.00",1 (2019),"$555,000.00","$555,000.00"
Ildemaro Vargas,ARI,SS,"$555,000.00",1 (2019),"$555,000.00","$555,000.00"
Ryne Harper,MIN,RP,"$555,000.00",1 (2019),"$555,000.00","$555,000.00"